Name,IDfg
A.J. Achter,11387
A.J. Alexy,22343
A.J. Burnett,512
A.J. Cole,11467
A.J. Griffin,11132
A.J. Ladwig,16266
A.J. Minter,18655
A.J. Morris,9919
A.J. Murray,3422
A.J. Puk,19343
A.J. Reed,16246
A.J. Schugel,11432
AJ Ramos,8350
AJ Smith-Shawver,29960
Aaron Altherr,11270
Aaron Ashby,23550
Aaron Barrett,11243
Aaron Blair,14934
Aaron Brooks,12272
Aaron Bummer,16258
Aaron Civale,19479
Aaron Cook,1571
Aaron Crow,10149
Aaron Fletcher,22052
Aaron Fultz,1113
Aaron Harang,1451
Aaron Heilman,1751
Aaron Hicks,5297
Aaron Laffey,6248
Aaron Looper,1788
Aaron Loup,10343
Aaron Miles,1844
Aaron Myette,1263
Aaron Nola,16149
Aaron Northcraft,10218
Aaron Poreda,4313
Aaron Rakers,2638
Aaron Sanchez,11490
Aaron Sele,34
Aaron Slegers,15231
Aaron Small,1477
Aaron Taylor,1627
Aaron Thompson,999
Aaron Wilkerson,16904
Abe Alvarez,6259
Abel De Los Santos,12962
Abner Uribe,25327
Abraham Nunez,1420
Adalberto Mejia,13188
Adalberto Mendez,3752
Adam Bernero,460
Adam Cimber,15288
Adam Conley,14457
Adam Dunn,319
Adam Eaton,11205
Adam Eaton,1029
Adam Johnson,733
Adam Kloffenstein,24493
Adam Kolarek,10843
Adam LaRoche,1904
Adam Liberatore,10637
Adam Loewen,2134
Adam Mazur,31900
Adam McCreery,19550
Adam Morgan,12580
Adam Oller,20132
Adam Ottavino,1247
Adam Peterson,4523
Adam Pettyjohn,489
Adam Plutko,15846
Adam Rosales,9682
Adam Russell,7334
Adam Wainwright,2233
Adam Warren,9029
Adam Wilk,8421
Adbert Alzolay,17859
Addison Reed,10586
Adonis Medina,19903
Adonis Rosa,17942
Adrian Hernandez,1504
Adrian Houser,12718
Adrian Martinez,21023
Adrian Morejon,20039
Adrian Sampson,13339
Agustin Montero,2268
Akeel Morris,12185
Akeem Bostick,15979
Akinori Otsuka,1895
Al Alburquerque,6324
Al Leiter,883
Al Levine,20
Al Reyes,1005
Alan Benes,265
Alan Busenitz,15239
Alan Embree,1030
Alan Johnson,917
Alan Mills,1008949
Alan Newman,1009540
Alan Trejo,20056
Alay Soler,8542
Albert Abreu,17485
Albert Almora Jr.,14109
Albert Pujols,1177
Albert Suarez,6175
Alberto Arias,3087
Alberto Baldonado,11812
Alberto Cabrera,8352
Alberto Castillo,3316
Alberto Gonzalez,4906
Albie Lopez,102
Alcides Escobar,6310
Alec Asher,13560
Alec Bettinger,20312
Alec Burleson,27615
Alec Marsh,27451
Alec Mills,13834
Alejandro Chacin,13530
Alejo Lopez,21127
Alek Jacob,29628
Alek Manoah,26410
Alex Avila,7476
Alex Blandino,16271
Alex Burnett,4065
Alex Claudio,12890
Alex Cobb,6562
Alex Colome,6661
Alex Faedo,19874
Alex Fernandez,1003993
Alex Gordon,5209
Alex Graman,1910
Alex Herrera,1505
Alex Hinshaw,3941
Alex Lange,19883
Alex McRae,16317
Alex Meyer,12833
Alex Reyes,15015
Alex Sanabia,5350
Alex Serrano,2436
Alex Speas,21859
Alex Torres,7038
Alex Vesia,25007
Alex Wells,19845
Alex White,10054
Alex Wilson,9239
Alex Wimmers,11394
Alex Wood,13781
Alex Young,18333
Alexei Ramirez,5133
Alexi Amarista,9063
Alexi Ogando,10261
Alexis Diaz,21132
Alfredo Aceves,5164
Alfredo Figaro,8404
Alfredo Simon,2155
Allan Simpson,1864
Allan Winans,21238
Allen Levrault,925
Allen McDill,1008453
Allen Watson,1013675
Allen Webster,3993
Amauri Sanit,5436
Amaury Telemaco,1802
Ambiorix Burgos,3246
Amir Garrett,14375
Amos Willingham,26128
Anastacio Martinez,1944
Anderson Espinoza,18593
Anderson Garcia,3377
Anderson Severino,20582
Andre Jackson,21298
Andre Pallante,26108
Andre Rienzo,3507
Andre Scrubb,20329
Andrelton Simmons,10847
Andres Blanco,1907
Andres Machado,14681
Andres Munoz,20373
Andrew Abbott,29911
Andrew Albers,7853
Andrew Bailey,1368
Andrew Bellatti,10657
Andrew Brackman,2365
Andrew Brown,2115
Andrew Carignan,2431
Andrew Carpenter,9533
Andrew Cashner,8782
Andrew Chafin,12988
Andrew Faulkner,12982
Andrew Heaney,15423
Andrew Kittredge,12828
Andrew Knapp,14942
Andrew Knizner,19514
Andrew Lorraine,1583
Andrew McKirahan,12870
Andrew Miller,6785
Andrew Moore,17553
Andrew Nardi,25942
Andrew Oliver,10257
Andrew Romine,1159
Andrew Saalfrank,26203
Andrew Suarez,18300
Andrew Taylor,7896
Andrew Triggs,13533
Andrew Vasquez,19482
Andrew Walters,33834
Andrew Wantz,24933
Andrew Werner,11783
Andy Ashby,637
Andy Benes,1144
Andy Burns,12779
Andy Cavazos,2668
Andy Good,1690
Andy Larkin,1007345
Andy Marte,3203
Andy Pettitte,840
Andy Pratt,1640
Andy Sisco,3706
Andy Sonnanstine,7667
Andy Van Hekken,1630
Aneury Rodriguez,8948
Aneurys Zabala,20802
Angel Castro,3243
Angel Chivilli,26790
Angel De Jesus,22323
Angel Felipe,21163
Angel Guzman,2145
Angel Nesbitt,13415
Angel Perdomo,17759
Angel Rondon,22036
Angel Sanchez,11776
Angel Zerpa,22717
Anibal Sanchez,3284
Anthony Banda,14706
Anthony Bass,7982
Anthony Bemboom,13854
Anthony Bender,19742
Anthony Castro,19789
Anthony Claggett,4116
Anthony DeSclafani,13050
Anthony Ferrari,1733
Anthony Gose,5097
Anthony Kay,20387
Anthony Lerew,3440
Anthony Maldonado,26034
Anthony Misiewicz,18152
Anthony Molina,26952
Anthony Ortega,6745
Anthony Ranaudo,11424
Anthony Recker,4063
Anthony Reyes,7105
Anthony Rizzo,3473
Anthony Slama,3064
Anthony Swarzak,7466
Anthony Telford,1282
Anthony Varvaro,2385
Anthony Vasquez,6577
Anthony Veneziano,27453
Antonio Alfonseca,260
Antonio Bastardo,8844
Antonio Osuna,249
Antonio Santos,20383
Antonio Senzatela,15488
Aquilino Lopez,1671
Arcenio Leon,8846
Archie Bradley,12918
Ariel Hernandez,15603
Ariel Jurado,17030
Ariel Miranda,17526
Ariel Pena,10240
Ariel Prieto,1010536
Armando Almanza,507
Armando Benitez,865
Armando Gabino,3387
Armando Galarraga,4222
Armando Reynoso,72
Arnie Munoz,2111
Arnold Leon,5595
Arodys Vizcaino,5498
Aroldis Chapman,10233
Arquimedes Caminero,8992
Art Warren,18251
Arthur Rhodes,1097
Artie Lewicki,16731
Arturo Lopez,3319
Asdrubal Cabrera,4962
Asher Wojciechowski,10836
Ashton Goudeau,15139
Ashur Tolliver,10044
Atahualpa Severino,5332
Augie Ojeda,297
Austen Williams,16309
Austin Adams,13801
Austin Adams,7411
Austin Bibens-Dirkx,9559
Austin Brice,17237
Austin Cox,24604
Austin Davis,17117
Austin Gomber,16561
Austin Hedges,12976
Austin Kitchen,27910
Austin Maddox,14241
Austin Pruitt,15290
Austin Romine,5491
Austin Slater,16153
Austin Voth,15047
Austin Warren,24937
Austin Wynns,15271
B.J. Rosenberg,7183
B.J. Ryan,168
Bailey Falter,20070
Bailey Horn,27753
Bailey Ober,21224
Barret Browning,9356
Barrett Astin,14812
Barry Enright,2412
Barry Zito,944
Bart Miadich,23
Bartolo Colon,375
Bartolome Fortunato,2213
Beau Brieske,26079
Beau Burrows,18873
Beau Sulser,23420
Beltran Perez,2116
Ben Bowden,20198
Ben Braymer,20175
Ben Brown,23590
Ben Casparius,30085
Ben Diggins,1599
Ben Ford,1858
Ben Heller,15100
Ben Hendrickson,2175
Ben Howard,1452
Ben Joyce,31461
Ben Kozlowski,1634
Ben Lively,14932
Ben Meyer,18854
Ben Rortvedt,20287
Ben Rowen,10983
Ben Sheets,710
Ben Taylor,18114
Ben Weber,41
Ben Zobrist,7435
Benito Baez,1000408
Bennett Sousa,21345
Bernardo Flores Jr.,19561
Bill Bray,8538
Bill Hall,1605
Bill Murphy,4755
Bill Pulsipher,842
Bill Simas,1011977
Bill White,3089
Billy Buckner,8253
Billy Koch,924
Billy Petrick,4865
Billy Sadler,6235
Billy Taylor,1012859
Billy Traber,410
Billy Wagner,578
Blaine Boyer,2237
Blaine Hardy,6499
Blaine Neal,1468
Blair Calvo,25416
Blair Henley,26190
Blake Beavan,338
Blake Cederlind,20344
Blake Hawksworth,8963
Blake Parker,5224
Blake Smith,9780
Blake Snell,13543
Blake Stein,632
Blake Taylor,16418
Blake Treinen,12572
Blake Walston,26270
Blake Wood,1345
Bligh Madris,20054
Bo Schultz,5028
Bob File,1301
Bob Howry,237
Bob McCrory,5924
Bob Scanlan,1011489
Bob Wells,760
Bob Wickman,413
Bobby Bonilla,1001168
Bobby Cassevah,6950
Bobby Chouinard,1002204
Bobby Cramer,2744
Bobby Jenks,8645
Bobby Jones,1454
Bobby Jones,1039
Bobby Keppel,2229
Bobby Korecky,4608
Bobby LaFromboise,7758
Bobby Livingston,3876
Bobby Madritsch,2085
Bobby Miller,27483
Bobby Mosebach,6927
Bobby Munoz,1009326
Bobby Parnell,9926
Bobby Poyner,17987
Bobby Seay,1225
Bobby Wahl,14832
Bobby Witt,1014170
Boof Bonser,2159
Boone Logan,5525
Bowden Francis,20548
Brad Bergesen,8375
Brad Boxberger,10133
Brad Brach,6627
Brad Clontz,1002360
Brad Goldberg,14776
Brad Halsey,4760
Brad Hand,9111
Brad Hennessey,3720
Brad Keller,15734
Brad Kilby,9823
Brad Lidge,563
Brad Lincoln,4241
Brad Miller,12775
Brad Mills,4420
Brad Peacock,5401
Brad Penny,535
Brad Radke,748
Brad Rigby,1010954
Brad Salmon,2625
Brad Thomas,757
Brad Thompson,4911
Brad Voyles,1490
Brad Wieck,16390
Brad Ziegler,7293
Braden Bristo,20494
Braden Looper,526
Braden Shipley,15158
Bradin Hagens,7422
Bradley Blalock,26419
Brady Basso,25582
Brady Feigl,15968
Brady Lail,14707
Brady Raggio,1750
Brady Rodgers,13393
Brady Singer,25377
Brailyn Marquez,21896
Branden Kline,14101
Branden Pinder,12093
Brandon Backe,1529
Brandon Bailey,19582
Brandon Beachy,8851
Brandon Bielak,19866
Brandon Brennan,13527
Brandon Claussen,814
Brandon Crawford,5343
Brandon Cumpton,11366
Brandon Cunniff,11509
Brandon Dickson,6979
Brandon Dixon,15214
Brandon Drury,11615
Brandon Duckworth,954
Brandon Eisert,27668
Brandon Finnegan,16208
Brandon Gomes,2267
Brandon Guyer,2636
Brandon Hughes,23460
Brandon Kintzler,9939
Brandon Knight,831
Brandon Kolb,1007084
Brandon League,3731
Brandon Leibrandt,16135
Brandon Lyon,1312
Brandon Mann,5172
Brandon Maurer,4878
Brandon McCarthy,4662
Brandon Medders,8604
Brandon Morrow,9346
Brandon Pfaadt,27782
Brandon Puffer,572
Brandon Villafuerte,1059
Brandon Waddell,18347
Brandon Walter,26056
Brandon Webb,1692
Brandon Williamson,25463
Brandon Woodruff,16162
Brandon Workman,11428
Brandyn Sittinger,19192
Brant Hurter,30133
Braxton Garrett,21844
Brayan Bello,23920
Brayan Villarreal,5180
Brenan Hanifee,22304
Brendan Donnelly,1441
Brendan McKay,20186
Brendan Ryan,6073
Brendan White,26024
Brendon Little,21574
Brennan Bernardino,16835
Brent Headrick,27702
Brent Honeywell,16466
Brent Leach,4576
Brent Mayne,614
Brent Suter,13942
Bret Prinz,1474
Bret Saberhagen,1011355
Brett Anderson,8223
Brett Bochy,11867
Brett Campbell,6842
Brett Cecil,2660
Brett Eibner,11369
Brett Graves,16218
Brett Hinchliffe,1005840
Brett Jodie,1006415
Brett Kennedy,17877
Brett Laxton,1007412
Brett Marshall,5364
Brett Martin,17369
Brett Myers,962
Brett Nicholas,11192
Brett Oberholtzer,3855
Brett Phillips,14735
Brett Sinkbeil,9364
Brett Tomko,1056
Brett Wisely,27735
Brett de Geus,23592
Brian Anderson,44
Brian Bannister,5718
Brian Bass,2219
Brian Boehringer,984
Brian Bogusevic,4719
Brian Bohanon,1001126
Brian Bowles,1290
Brian Broderick,3773
Brian Bruney,1929
Brian Burres,3425
Brian Cooper,1295
Brian Dozier,9810
Brian Duensing,4064
Brian Ellington,17233
Brian Falkenborg,1859
Brian Fitzgerald,1445
Brian Flynn,12027
Brian Fuentes,429
Brian Gordon,2374
Brian Johnson,14272
Brian Lawrence,1045
Brian Mallette,1460
Brian Matusz,2646
Brian Meadows,998
Brian Moehler,480
Brian Moran,9646
Brian O'Connor,1009709
Brian Omogrosso,1353
Brian Powell,490
Brian Reith,347
Brian Rogers,6123
Brian Rose,1011201
Brian Sanches,2739
Brian Schlitter,3599
Brian Schmack,1809
Brian Serven,19422
Brian Shackelford,2461
Brian Shouse,630
Brian Sikorski,7603
Brian Slocum,4705
Brian Smith,1012106
Brian Stokes,8653
Brian Sweeney,1801
Brian Tallet,1646
Brian Tollberg,1055
Brian Williams,1013978
Brian Wilson,6485
Brian Wolfe,8515
Britt Reames,794
Brock Burke,17968
Brock Holt,9345
Brock Stewart,16727
Brody Koerner,17748
Bronson Arroyo,978
Brooks Brown,5679
Brooks Kieschnick,389
Brooks Kriske,21189
Brooks Pounders,10387
Brooks Raley,10061
Bruce Billings,3044
Bruce Chen,769
Bruce Rondon,5766
Bruce Zimmermann,20370
Brusdar Graterol,20367
Bryan Abreu,16609
Bryan Augenstein,936
Bryan Baker,19804
Bryan Bullington,5066
Bryan Corey,1439
Bryan Garcia,19457
Bryan Hebson,1761
Bryan Hoeing,26304
Bryan Holaday,11287
Bryan Hudson,19924
Bryan King,25890
Bryan Mitchell,11479
Bryan Morris,10234
Bryan Petersen,2567
Bryan Price,8436
Bryan Rekar,625
Bryan Sammons,20462
Bryan Shaw,8110
Bryan Ward,1013603
Bryan Woo,30279
Bryce Elder,27779
Bryce Florie,1004172
Bryce Jarvis,27477
Bryce Miller,29837
Bryce Montes de Oca,21319
Bryse Wilson,19990
Bubby Rossman,17179
Buck Farmer,14814
Bud Norris,9492
Bud Smith,1182
Buddy Baumann,9309
Buddy Boshers,8490
Buddy Carlyle,2010
Buddy Groom,143
Burch Smith,12784
Burke Badenhop,9736
Byung-Hyun Kim,61
C.C. Lee,5177
C.D. Pelham,19820
C.J. Nitkowski,570
C.J. Riefenhauser,11193
C.J. Wilson,3580
CC Sabathia,404
Cade Cavalli,27473
Cade Povich,30055
Cade Smith,27867
Caden Dana,31508
Cal Eldred,1653
Cal Quantrill,19312
Caleb Baragar,19231
Caleb Boushley,19736
Caleb Cotham,10075
Caleb Ferguson,19349
Caleb Frare,14353
Caleb Joseph,7087
Caleb Kilian,26213
Caleb Smith,14875
Caleb Thielbar,10078
Calvin Faucher,20116
Calvin Maduro,151
Cam Alldred,25078
Cam Bedrosian,13360
Cam Booser,16061
Cam Cairncross,1001823
Cam Vieaux,19529
Cameron Hill,16840
Camilo Doval,21992
Carl Edwards Jr.,13607
Carl Pavano,790
Carl Sadler,1568
Carlos Almanzar,308
Carlos Carrasco,6632
Carlos Castillo,1002060
Carlos Contreras,10386
Carlos Estevez,14542
Carlos Fisher,9832
Carlos Frias,3547
Carlos Gomez,4881
Carlos Guevara,5692
Carlos Hernandez,560
Carlos Hernandez,22713
Carlos Marmol,2790
Carlos Martinez,11682
Carlos Martinez,3167
Carlos Monasterios,2506
Carlos Muniz,5878
Carlos Perez,10642
Carlos Perez,1010179
Carlos Pulido,1815
Carlos Ramirez,11743
Carlos Reyes,1721
Carlos Rodon,16137
Carlos Rodriguez,30161
Carlos Rosa,8529
Carlos Ruiz,2579
Carlos Sanabria,16634
Carlos Silva,973
Carlos Tocci,14558
Carlos Torres,7624
Carlos Vargas,22915
Carlos Villanueva,4138
Carlos Zambrano,305
Carlton Loewer,1713
Carmen Cali,2964
Carmen Mlodzinski,27572
Carmen Pignatiello,3088
Carson Fulmer,18311
Carson Kelly,13620
Carson Smith,13172
Carson Spiers,27685
Carter Capps,12803
Casey Coleman,8270
Casey Crosby,5261
Casey Daigle,1880
Casey Fien,3926
Casey Fossum,188
Casey Janssen,7355
Casey Kelly,9174
Casey Lawrence,11121
Casey Legumina,25921
Casey Mize,20492
Casey Sadler,11209
Casper Wells,9700
Cedrick Bowers,3293
Cesar Cabral,6741
Cesar Carrillo,4697
Cesar Jimenez,3762
Cesar Ramos,3357
Cesar Valdez,9013
Cesar Vargas,14099
Cha Seung Baek,8214
Chad Beck,9258
Chad Bell,10297
Chad Bentz,1889
Chad Bettis,10587
Chad Billingsley,5842
Chad Bradford,904
Chad Cordero,1816
Chad Durbin,1442
Chad Fox,684
Chad Gaudin,1783
Chad Girodo,15542
Chad Green,15552
Chad Harville,915
Chad Hutchinson,1006236
Chad Jenkins,10326
Chad Kuhl,14975
Chad Orvella,5952
Chad Paronto,399
Chad Pinder,15191
Chad Qualls,2170
Chad Reineke,7641
Chad Smith,20190
Chad Smith,13604
Chad Sobotka,17470
Chad Zerbe,1140
Chan Ho Park,1267
Chance Adams,18135
Chance Ruffin,11745
Chandler Shepherd,16166
Chang-Yong Lim,14445
Charles Brewer,9155
Charles Nagy,397
Charlie Barnes,19865
Charlie Culberson,3298
Charlie Furbush,1370
Charlie Haeger,3545
Charlie Leesman,9124
Charlie Manning,3578
Charlie Morton,4676
Charlie Zink,4180
Chase Anderson,6895
Chase De Jong,15036
Chase Shugart,21544
Chase Silseth,30074
Chase Whitley,10982
Chase Wright,3593
Chase d'Arnaud,6652
Chasen Bradford,12452
Chasen Shreve,10855
Chayce McDermott,29866
Chaz Roe,9866
Chi Chi Gonzalez,14663
Chia-Jen Lo,5440
Chien-Ming Wang,2074
Chih-Wei Hu,16419
Chin-hui Tsao,1776
Chris Archer,6345
Chris Bassitt,12304
Chris Beck,13418
Chris Booker,2039
Chris Bootcheck,1842
Chris Britton,3600
Chris Brock,130
Chris Capuano,1701
Chris Carpenter,8556
Chris Carpenter,1292
Chris Davis,9272
Chris Demaria,4361
Chris Denorfia,4400
Chris Devenski,12763
Chris Donnels,1396
Chris Dwyer,10045
Chris Ellis,16125
Chris Flexen,13896
Chris Fussell,1004410
Chris George,601
Chris Gimenez,7324
Chris Gissell,2015
Chris Hammond,92
Chris Haney,192
Chris Hatcher,3299
Chris Heston,10302
Chris Holt,1005983
Chris Jakubauskas,7831
Chris Lambert,8047
Chris Leroux,7645
Chris Mabeus,1892
Chris Martin,11847
Chris Mazza,14151
Chris Mears,1756
Chris Michalak,1415
Chris Murphy,26214
Chris Narveson,2141
Chris Nichting,1414
Chris O'Grady,13818
Chris Owings,10030
Chris Oxspring,7232
Chris Paddack,20099
Chris Perez,5213
Chris Peters,1010225
Chris Piersoll,1010337
Chris Ray,6315
Chris Reed,12801
Chris Reitsma,348
Chris Resop,3799
Chris Rodriguez,22310
Chris Rowley,18820
Chris Roycroft,31261
Chris Rusin,9895
Chris Saenz,1913
Chris Sale,10603
Chris Sampson,2651
Chris Schroder,3553
Chris Schwinden,7851
Chris Seddon,3833
Chris Seelbach,1011719
Chris Smith,14449
Chris Smith,4544
Chris Spurling,1668
Chris Stratton,13761
Chris Tillman,5279
Chris Vallimont,24935
Chris Volstad,9901
Chris Waters,7015
Chris Withrow,7161
Chris Young,3196
Christian Arroyo,16434
Christian Bergman,10925
Christian Bethancourt,10028
Christian Friedrich,7942
Christian Garcia,4067
Christian Parker,1009998
Christian Scott,30107
Christopher Rearick,11050
Chuck Finley,384
Chuck James,4886
Chuck McElroy,1008477
Chuck Smith,1012114
Chuckie Fick,7978
Cionel Perez,19614
Cla Meredith,7613
Clarke Schmidt,19899
Claudio Vargas,1695
Clay Buchholz,3543
Clay Condrey,1579
Clay Hensley,4593
Clay Holmes,13649
Clay Rapada,4831
Clay Zavada,8577
Clayton Andrews,1000247
Clayton Andrews,23631
Clayton Beeter,27494
Clayton Kershaw,2036
Clayton Mortensen,3166
Clayton Richard,3551
Cliff Bartosh,1871
Cliff Lee,1636
Cliff Pennington,3395
Cliff Politte,967
Clint Nageotte,2156
Clint Robinson,6908
Codi Heuer,23293
Cody Allen,12183
Cody Anderson,12799
Cody Bolton,23265
Cody Bradford,27597
Cody Carroll,17664
Cody Ege,15928
Cody Eppley,9095
Cody Hall,12232
Cody Martin,12182
Cody McKay,1615
Cody Morris,25388
Cody Ponce,17920
Cody Poteet,18769
Cody Reed,15232
Cody Ross,1760
Cody Sedlock,19357
Cody Stashak,18088
Colby Lewis,1259
Cole DeVries,8201
Cole Hamels,4972
Cole Irvin,19244
Cole Kimball,9480
Cole Ragans,21846
Cole Sands,21461
Cole Sulser,15256
Cole Tucker,17326
Cole Waites,25665
Cole Winn,22113
Colin Holderman,22361
Colin Poche,19403
Colin Rea,12317
Colin Selby,24986
Collin Balester,6883
Collin McHugh,7531
Collin Snider,23307
Collin Wiles,15106
Colt Hynes,7560
Colten Brewer,12997
Colter Bean,2246
Colton Murray,12264
Conner Greene,16455
Conner Menez,19199
Connor Brogdon,21205
Connor Gillispie,26171
Connor Overton,18376
Connor Phillips,27649
Connor Robertson,7705
Connor Sadzeck,13483
Connor Seabold,19695
Conor Mullee,11580
Cooper Criswell,24975
Corbin Burnes,19361
Corbin Martin,19884
Corey Dickerson,10762
Corey Kluber,2429
Corey Knebel,15010
Corey Oswalt,13677
Corey Thurman,1324
Cory Abbott,20277
Cory Bailey,588
Cory Burns,6620
Cory Doyne,7262
Cory Gearrin,7947
Cory Lidle,926
Cory Luebke,1984
Cory Mazzoni,12537
Cory Rasmus,2413
Cory Spangenberg,12294
Cory Vance,1647
Cory Wade,7570
Courtney Duncan,276
Craig Breslow,4363
Craig Dingman,318
Craig Gentry,9571
Craig Hansen,4798
Craig House,1006055
Craig Kimbrel,6655
Craig Stammen,7274
Cristhian Martinez,5337
Cristian Javier,17606
Cristian Mena,27974
Cristofer Ogando,20667
Cristopher Sanchez,20778
Curt Schilling,73
Curtis Leskanic,694
Curtis Partch,1333
Cy Sneed,16106
D'Angelo Jimenez,1038
D.J. Carrasco,1666
D.J. Houlton,3566
D.J. Mitchell,5354
D.J. Snelten,15949
DJ Herz,26389
DJ Johnson,12578
DL Hall,22207
Dae-Sung Koo,8619
Daisuke Matsuzaka,7775
Dakota Bacus,14545
Dakota Hudson,19206
Dale Thayer,5032
Dalier Hinojosa,15671
Dallas Beeler,11471
Dallas Braden,8099
Dallas Keuchel,9434
Damaso Marte,247
Damian Moss,107
Damien Magnifico,13395
Damon Jones,23310
Dan Altavilla,16507
Dan Cortes,4027
Dan Giese,2656
Dan Haren,1757
Dan Jennings,8073
Dan Kolb,1257
Dan Meyer,4402
Dan Miceli,1463
Dan Murray,1009384
Dan Otero,7385
Dan Plesac,1319
Dan Reichert,624
Dan Runzler,4080
Dan Serafini,1812
Dan Slania,15639
Dan Smith,1521
Dan Straily,9460
Dan Wheeler,120
Dan Winkler,12237
Dan Wright,258
Dana Eveland,5508
Dane Dunning,19409
Dane de la Rosa,10095
Daniel Bard,7115
Daniel Barone,7652
Daniel Burawa,11397
Daniel Cabrera,1931
Daniel Camarena,14467
Daniel Castano,19805
Daniel Corcino,9266
Daniel Davidson,5869
Daniel Descalso,8392
Daniel Duarte,17480
Daniel Garibay,1004536
Daniel Gossett,16164
Daniel Herrera,4552
Daniel Hudson,7146
Daniel Lynch IV,21537
Daniel McCutchen,263
Daniel Mengden,16980
Daniel Moskos,2858
Daniel Norris,13475
Daniel Palencia,27914
Daniel Ponce de Leon,16110
Daniel Robert,21229
Daniel Robertson,14145
Daniel Schlereth,8739
Daniel Stange,9404
Daniel Stumpf,13780
Daniel Webb,10558
Daniel Wright,15179
Daniel Zamora,17811
Danny Barnes,11388
Danny Coulombe,13293
Danny Duffy,3542
Danny Farquhar,8501
Danny Graves,326
Danny Hultzen,12874
Danny Mendick,18889
Danny Mota,1009257
Danny Patterson,485
Danny Salazar,5867
Danny Valencia,6364
Danny Worth,198
Danny Young,18439
Danny Young,1014370
Dany Jimenez,21170
Danys Baez,367
Darick Hall,19717
Darien Nunez,21197
Darin Downs,5903
Darin Ruf,9929
Dario Agrazal,15821
Dario Alvarez,14239
Darius Vines,25928
Darnell McDonald,1867
Darrell Einertson,1003716
Darrell May,613
Darrell Rasner,4770
Darren Clarke,8226
Darren Dreifort,647
Darren Holmes,95
Darren McCaughan,20038
Darren O'Day,3321
Darren Oliver,206
Darryl Kile,1163
Darwin Barney,2430
Darwin Cubillan,771
Darwinzon Hernandez,19848
Daryl Thompson,6603
Daulton Jefferies,19345
Dauri Moreta,21101
Dave Borkowski,2002
Dave Burba,1239
Dave Bush,4635
Dave Coggin,951
Dave Davidson,4929
Dave Eiland,1003714
Dave Elder,1535
Dave Gassner,3546
Dave Lee,1843
Dave Manning,1785
Dave Maurer,394
Dave Mlicki,569
Dave Pember,1618
Dave Stevens,1012508
Dave Veres,1188
Dave Wainhouse,1013492
Dave Williams,1013
David Aardsma,1902
David Bednar,19569
David Bote,14593
David Buchanan,11176
David Carpenter,3959
David Carpenter,9244
David Cone,1680
David Cortes,1798
David Festa,30056
David Fry,24934
David Goforth,12166
David Hale,9756
David Hensley,25111
David Hernandez,4259
David Herndon,9264
David Hess,16130
David Holmberg,7725
David Huff,4257
David Lundquist,1046
David Martinez,8893
David McCarty,1462
David McKay,19814
David Moraga,1009137
David Murphy,6035
David Patton,7503
David Pauley,3625
David Paulino,17418
David Peralta,2136
David Peterson,20302
David Phelps,6316
David Price,3184
David Purcey,8360
David Riske,402
David Robertson,8241
David Rollins,11928
David Ross,1551
David Sanders,1693
David Villar,24782
David Weathers,902
David Wells,855
Davis Daniel,27582
Davis Martin,21448
Davis Romero,2756
Dayan Diaz,11543
Daysbel Hernandez,20271
DeWayne Wise,1554
Dean Anna,8353
Dean Deetz,16687
Dean Kiekhefer,10529
Dean Kremer,19350
Deck McGuire,11596
Declan Cronin,25645
Dedniel Nunez,23055
Dee Strange-Gordon,8203
Deivi Garcia,20276
Dellin Betances,6216
Delvin James,1215
Demarcus Evans,21087
Dennis Cook,8
Dennis Dove,6240
Dennis Santana,17878
Dennis Sarfate,2174
Dennis Springer,672
Dennis Tankersley,1054
Denny Bautista,1947
Denny Neagle,441
Denny Stark,452
Dennys Reyes,444
Denyi Reyes,20526
Deolis Guerra,8410
Dereck Rodriguez,14509
Derek Bell,1000801
Derek Holland,4141
Derek Law,13133
Derek Lowe,199
Derek Thompson,2126
Derrick Turnbow,1694
Desi Relaford,1096
Deunte Heath,7371
Devern Hansack,4939
Devin Smeltzer,19487
Devin Sweet,25348
Devin Williams,15816
Devon Lowery,3500
Dewon Brazelton,1195
Dewon Day,5542
Dicky Gonzalez,777
Diego Castillo,19906
Diego Castillo,17496
Diego Moreno,6238
Dietrich Enns,13932
Dillon Gee,7396
Dillon Maples,14672
Dillon Overton,15627
Dillon Peters,18790
Dillon Tate,17796
Dinelson Lamet,17186
Dirk Hayhurst,6010
Domingo Acevedo,17092
Domingo German,17149
Domingo Guzman,1005158
Domingo Tapia,12178
Dominic Leone,13763
Dominic Smith,15653
Don Kelly,2216
Don Wengert,1013777
Donn Roach,10620
Donne Wall,39
Donnie Hart,15306
Donnie Joseph,6491
Donnie Veal,4741
Donovan Hand,8728
Donovan Osborne,299
Donovan Walton,19314
Dontrelle Willis,1703
Doug Bochtler,1001107
Doug Brocail,551
Doug Creek,1202
Doug Davis,1244
Doug Fister,9425
Doug Henry,1005668
Doug Jones,1006552
Doug Linton,1662
Doug Mathis,3944
Doug Nickle,963
Doug Slaten,3107
Doug Waechter,1814
Dovydas Neverauskas,11604
Drake Britton,2868
Drew Anderson,15130
Drew Butera,3411
Drew Carlton,19868
Drew Gagnon,12545
Drew Hayes,10528
Drew Hutchison,10732
Drew Pomeranz,11426
Drew Rasmussen,25385
Drew Rom,24602
Drew Rucinski,12499
Drew Smith,17755
Drew Smyly,11760
Drew Steckenrider,18806
Drew Storen,6983
Drew Thorpe,31967
Drew VerHagen,13424
Drey Jameson,26260
Duane Below,3124
Duane Underwood Jr.,14677
Duaner Sanchez,1518
Duke Welker,792
Dusten Knight,16537
Dustin Antolin,7119
Dustin Hermanson,195
Dustin May,19716
Dustin McGowan,8600
Dustin Molleken,6200
Dustin Moseley,7060
Dustin Nippert,4426
Dustin Richardson,2548
Dusty Bergman,2643
Dusty Brown,3420
Dusty Hughes,6164
Dwight Gooden,1004852
Dylan Axelrod,9303
Dylan Bundy,12917
Dylan Cease,18525
Dylan Coleman,22276
Dylan Covey,14825
Dylan Dodd,29928
Dylan Floro,13394
Dylan Lee,19996
Dylan Moore,18042
Easton Lucas,26058
Easton McGee,22176
Ed Vosberg,1426
Ed Yarnall,1014322
Eddie Bonine,5890
Eddie Butler,13453
Eddie Gamboa,6911
Eddie Guardado,727
Eddie Kunz,2862
Eddie Oropesa,69
Eddy Alvarez,16959
Eddy Rodriguez,2193
Edgar Garcia,19276
Edgar Gonzalez,1727
Edgar Ibarra,5195
Edgar Navarro,24363
Edgar Olmos,10174
Edgar Santana,17355
Edgardo Henriquez,26944
Edgmer Escalona,8574
Edinson Volquez,3990
Eduard Bazardo,20997
Eduardo Escobar,6153
Eduardo Jimenez,19642
Eduardo Nunez,6848
Eduardo Paredes,16344
Eduardo Rodriguez,13164
Eduardo Salazar,23135
Eduardo Sanchez,2966
Eduardo Villacis,1922
Edubray Ramos,16086
Edwar Cabrera,9211
Edwar Colina,20589
Edwar Ramirez,4830
Edward Cabrera,21690
Edward Mujica,3970
Edward Paredes,4168
Edwin Almonte,1764
Edwin Diaz,14710
Edwin Escobar,10337
Edwin Jackson,1841
Edwin Moreno,7993
Edwin Uceta,20539
Ehire Adrianza,8418
Ehren Wassermann,6380
Eli Morgan,20203
Eli Villalobos,20408
Elieser Hernandez,16933
Elih Villanueva,8796
Elizardo Ramirez,1946
Elmer Dessens,317
Elvin Ramirez,2247
Elvin Rodriguez,20962
Elvis Araujo,12854
Elvis Luciano,20632
Elvis Peguero,21652
Emerson Hancock,27470
Emiliano Fruto,3106
Emilio Pagan,14771
Emmanuel Clase,21032
Emmanuel Ramirez,17304
Emmanuel Rivera,19890
Emmet Sheehan,29839
Enderson Franco,11896
Enerio Del Rosario,4204
Enmanuel De Jesus,18554
Enny Romero,4001
Enoli Paredes,20447
Enrique Burgos,3895
Enrique Gonzalez,2568
Enrique Hernandez,10472
Enyel De Los Santos,18403
Erasmo Ramirez,1699
Erasmo Ramirez,10314
Eric Cammack,1001864
Eric Cyr,1494
Eric DuBose,1633
Eric Eckenstahler,1600
Eric Fornataro,7042
Eric Gagne,650
Eric Gunderson,1005144
Eric Hacker,8743
Eric Hanhold,18332
Eric Hull,4660
Eric Hurley,8364
Eric Jokisch,11157
Eric Junge,1611
Eric Knott,62
Eric Lauer,19316
Eric Milton,743
Eric O'Flaherty,5746
Eric Orze,27626
Eric Skoglund,16155
Eric Sogard,7927
Eric Stout,16873
Eric Stults,8011
Eric Surkamp,2540
Eric Weaver,1013695
Eric Yardley,15538
Erich Uelmen,20323
Erick Aybar,4082
Erick Fedde,17425
Erick Threets,3158
Erik Bedard,126
Erik Cordier,4086
Erik Davis,8422
Erik Goeddel,11712
Erik Hamren,9133
Erik Hiljus,919
Erik Johnson,12520
Erik Kratz,4403
Erik Miller,26252
Erik Sabel,1517
Erik Sabrowski,24978
Erik Swanson,16587
Ernesto Frieri,5178
Ernie Clement,20352
Ervin Santana,3200
Esmailin Caridad,5284
Esmerling Vasquez,5280
Esmil Rogers,6317
Esteban Loaiza,1310
Esteban Yan,1236
Ethan Martin,3877
Ethan Roberts,24930
Ethan Small,26364
Eude Brito,2514
Eury De la Rosa,4055
Eury Perez,27768
Evan Crawford,7249
Evan Justice,30008
Evan Kravetz,27536
Evan Lee,24988
Evan MacLane,5576
Evan Marshall,12297
Evan Meek,5109
Evan Phillips,17734
Evan Reed,1349
Evan Scribner,7525
Everett Stull,712
Everett Teaford,3732
Ezequiel Astacio,2169
Fabio Castillo,2826
Fabio Castro,4048
Fautino De Los Santos,5841
Felipe Lira,1007649
Felipe Lopez,1311
Felipe Paulino,3777
Felipe Vazquez,12076
Felix Bautista,20666
Felix Diaz,1932
Felix Doubront,1478
Felix Heredia,1304
Felix Hernandez,4772
Felix Jorge,14532
Felix Pena,13403
Felix Rodriguez,1127
Felix Sanchez,1822
Fernando Abad,4994
Fernando Cabrera,2105
Fernando Cruz,7048
Fernando Hernandez,5536
Fernando Nieve,2173
Fernando Rodney,494
Fernando Rodriguez,7558
Fernando Romero,15885
Fernando Salas,4971
Forrest Whitley,19586
Foster Griffin,16432
Framber Valdez,17295
Francis Beltran,1530
Francis Martes,17303
Francisco Arcia,10286
Francisco Cordero,1243
Francisco Cordova,1002623
Francisco Cruceta,2104
Francisco Liriano,3201
Francisco Mejia,16403
Francisco Morales,22913
Francisco Perez,21018
Francisco Rodriguez,6688
Francisco Rodriguez,1642
Francisco Rosario,2091
Francisley Bueno,5980
Frank Brooks,1877
Frank Castillo,180
Frank Francisco,1933
Frank Garces,13144
Frank German,24750
Frank Herrmann,7960
Frank Mata,4230
Frank Menechino,931
Frank Rodriguez,1011106
Frank Schwindel,15351
Frankie Montas,14309
Frankie de la Cruz,3920
Franklin Morales,5088
Franklin Nunez,2033
Franklyn German,1603
Franklyn Gracesqui,1921
Franklyn Kilome,17861
Franmil Reyes,14566
Franquelis Osoria,2860
Fraser Ellard,29530
Freddy Dolsi,5424
Freddy Garcia,1077
Freddy Peralta,18679
Freddy Tarnok,23324
Fu-Te Ni,4199
Gabe Klobosits,19881
Gabe Molina,1575
Gabe Speier,17170
Gabe White,360
Gabriel Moya,16348
Gabriel Ynoa,12938
Garrett Acton,27583
Garrett Cleavinger,17897
Garrett Crochet,27463
Garrett Hampson,19262
Garrett Hill,25097
Garrett Jones,2714
Garrett Mock,7335
Garrett Olson,9889
Garrett Richards,9784
Garrett Stephenson,1185
Garrett Stubbs,18067
Garrett Whitlock,20191
Gary Glover,234
Gary Knotts,1428
Gary Majewski,2131
Gavin Floyd,3886
Gavin Hollowell,25427
Gavin Stone,27792
Gavin Williams,30122
Gene Stechschulte,1184
Genesis Cabrera,17490
Geno Espineli,7405
Geoff Geary,1813
Geoff Hartlieb,19558
George Kirby,25436
George Kontos,9486
George Sherrill,6291
George Soriano,21863
Geraldo Guzman,1005159
Gerardo Concepcion,14411
Gerardo Parra,8553
Gerardo Reyes,16306
Geremi Gonzalez,1711
German Marquez,15038
Gerrit Cole,13125
Gerson Bautista,19256
Gerson Garabito,19835
Gil Heredia,1005686
Gil Meche,1089
Gio Gonzalez,7448
Giovanni Carrara,643
Giovanni Soto,10330
Giovanny Gallegos,14986
Glen Perkins,8041
Glendon Rusch,707
Glenn Otto,21366
Glenn Sparkman,15200
Gonzalez Germen,5876
Gordon Graceffo,29519
Grae Kessinger,25813
Graeme Lloyd,783
Graham Ashcraft,27552
Graham Godfrey,3128
Graham Taylor,3719
Grant Anderson,20546
Grant Balfour,718
Grant Dayton,11203
Grant Hartwig,29946
Grant Holman,30002
Grant Holmes,16944
Grant Roberts,894
Grayson Rodriguez,24492
Greg Aquino,1899
Greg Burke,6282
Greg Garcia,10951
Greg Holland,7196
Greg Jones,1782
Greg Maddux,104
Greg Mahle,16877
Greg McMichael,1008640
Greg Reynolds,5712
Greg Smith,3455
Greg Swindell,76
Greg Weissert,20375
Gregg Olson,1009791
Gregory Infante,9119
Gregory Santos,21894
Gregory Soto,19677
Griffin Canning,19867
Griffin Jax,20253
Guido Knudson,12669
Guillermo Moscoso,5106
Guillermo Mota,1467
Guillo Zuniga,19588
Gus Gandarillas,1004475
Gus Schlosser,12321
Gus Varland,24737
Gustavo Chacin,2060
Hagen Danner,22116
Hans Crouse,22192
Hansel Izquierdo,522
Hansel Robles,11801
Hanser Alberto,11902
Harold Castro,14691
Harrison Musgrave,16532
Harvey Garcia,3100
Hayden Birdsong,31635
Hayden Penn,4893
Hayden Wesneski,27581
Heath Bell,2080
Heath Fillmyer,17466
Heath Hembree,11632
Heath Murray,1510
Heath Phillips,3396
Heathcliff Slocumb,1012069
Hector Almonte,1729
Hector Ambriz,559
Hector Carrasco,1240
Hector Mercado,960
Hector Neris,11804
Hector Noesi,3292
Hector Perez,18592
Hector Ramirez,1010669
Hector Rondon,2391
Hector Santiago,4026
Hector Velazquez,19341
Henderson Alvarez,5669
Henry Owens,13143
Henry Owens,3520
Henry Rodriguez,6371
Henry Sosa,6936
Henry Villar,5360
Hernan Perez,5751
Hideki Irabu,1255
Hideki Okajima,7763
Hideo Nomo,666
Hipolito Pichardo,1472
Hiram Burgos,9412
Hirokazu Sawamura,27515
Hiroki Kuroda,3283
Hisanori Takahashi,10091
Hisashi Iwakuma,13048
Hobie Harris,18615
Hoby Milner,13346
Hogan Harris,21520
Homer Bailey,8362
Hong-Chih Kuo,7016
Horacio Estrada,1003843
Horacio Ramirez,110
Huascar Brazoban,6107
Huascar Ynoa,20468
Humberto Arteaga,13595
Humberto Castellanos,21183
Humberto Mejia,20739
Humberto Sanchez,4303
Hunter Bigge,26259
Hunter Brown,25880
Hunter Cervenka,10510
Hunter Dozier,15117
Hunter Gaddis,25636
Hunter Greene,22182
Hunter Harvey,15507
Hunter Jones,4656
Hunter Stratton,23455
Hunter Strickland,7836
Hunter Wood,15091
Hurston Waldrep,33527
Huston Street,8258
Hyeon-jong Yang,27513
Hyun-Jin Ryu,14444
Ian Anderson,19951
Ian Desmond,6885
Ian Gibaut,17871
Ian Hamilton,19261
Ian Happ,17919
Ian Kennedy,6986
Ian Kinsler,6195
Ian Krol,10066
Ian Snell,2227
Ian Thomas,13881
Ichiro Suzuki,1101
Ike Davis,8433
Ildemaro Vargas,13324
Isaac Mattson,20385
Isaiah Campbell,25551
Isiah Kiner-Falefa,16512
Ismael Valdez,1283
Ismael Villegas,1013428
Ivan Nova,1994
J.A. Happ,7410
J.B. Bukauskas,20491
J.B. Wendelken,14506
J.C. Romero,754
J.D. Davis,16219
J.D. Durbin,7992
J.D. Hammer,19548
J.D. Martin,3685
J.D. Smart,1012081
J.J. Hoover,9037
J.J. Putz,1795
J.J. Trujillo,1524
J.P. Arencibia,697
J.P. Feyereisen,16610
J.P. France,21212
J.P. Howell,8245
J.R. Graham,12042
J.T. Ginn,27889
JB Shuck,6677
JC Mejia,20617
JC Ramirez,8302
JP Sears,23429
JT Brubaker,17578
JT Chargois,13767
Jace Fry,16159
Jace Peterson,12325
Jack Cassel,3052
Jack Cressend,723
Jack Egbert,7487
Jack Flaherty,17479
Jack Kochanowicz,27688
Jack Leathersich,12562
Jack Leiter,30146
Jack Mayfield,15402
Jack Neely,30106
Jack O'Loughlin,22690
Jack Taschner,2766
Jackie Bradley Jr.,12984
Jackson Jobe,30203
Jackson Kowar,21549
Jackson Rutledge,26215
Jackson Stephens,14420
Jackson Tetreault,20565
Jackson Wolf,29832
Jacob Barnes,12323
Jacob Brigham,2851
Jacob Eder,27590
Jacob Lemoine,19785
Jacob Lindgren,16215
Jacob Lopez,25098
Jacob Nix,17775
Jacob Rhame,15267
Jacob Stallings,13723
Jacob Turner,10185
Jacob Waguespack,18318
Jacob Webb,19274
Jacob deGrom,10954
Jaden Hill,30250
Jae Kuk Ryu,8228
Jae Seo,895
Jaff Decker,7945
Jailen Peguero,2913
Jaime Barria,18356
Jaime Cerda,1532
Jaime Garcia,8137
Jaime Navarro,1009465
Jaime Schultz,15066
Jair Jurrjens,5556
Jairo Asencio,3332
Jairo Diaz,12774
Jairo Iriarte,26907
Jairo Labourt,14996
Jake Arrieta,4153
Jake Barrett,13322
Jake Bauers,15194
Jake Bird,21267
Jake Bloss,33168
Jake Brentz,17783
Jake Buchanan,10962
Jake Cousins,21620
Jake Cronenworth,18036
Jake Diekman,5003
Jake Dunning,10803
Jake Elmore,7290
Jake Esch,12756
Jake Faria,13699
Jake Fishman,20060
Jake Hager,12198
Jake Irvin,21504
Jake Jewell,16958
Jake Lamb,13329
Jake Latz,21306
Jake McGee,7550
Jake Newberry,15136
Jake Odorizzi,6397
Jake Peavy,1051
Jake Petricka,10534
Jake Reed,16209
Jake Robbins,2266
Jake Rogers,19452
Jake Smith,14379
Jake Smolinski,5408
Jake Thompson,14371
Jake Walsh,20227
Jake Westbrook,412
Jake Wong,23095
Jake Woodford,18674
Jake Woods,2196
Jakob Junis,13619
Jalen Beeks,17192
James Baldwin,1064
James Bourque,16668
James Houser,6113
James Hoyt,14605
James Kaprielian,18331
James Karinchak,20151
James Marvel,19675
James McArthur,21527
James McCann,12859
James McDonald,5523
James Meeker,29891
James Naile,18186
James Norwood,16440
James Parr,7734
James Paxton,11828
James Pazos,13323
James Russell,4089
James Shields,7059
Jameson Taillon,11674
Jamey Carroll,1591
Jamey Wright,715
Jamie Arnold,1000319
Jamie Brewington,1001411
Jamie Brown,371
Jamie Burke,6
Jamie Callahan,14711
Jamie Moyer,1091
Jamie Vermilyea,5660
Jamie Walker,502
Jandel Gustave,14665
Janson Junk,23301
Jared Burton,8346
Jared Fernandez,324
Jared Hoying,10882
Jared Hughes,9325
Jared Jones,27863
Jared Koenig,27517
Jared Shuster,27472
Jared Solomon,23425
Jared Walsh,18607
Jared Wells,5538
Jaret Wright,415
Jarlin Garcia,18282
Jarred Cosart,10304
Jarrett Grube,7553
Jarrod Parker,4913
Jarrod Washburn,40
Jason Adam,11861
Jason Alexander,19666
Jason Anderson,1661
Jason Bere,266
Jason Bergmann,4640
Jason Berken,5673
Jason Beverlin,1560
Jason Boyd,1020
Jason Bulger,3915
Jason Childers,2379
Jason Christiansen,1111
Jason Davis,1598
Jason Dickson,1003278
Jason Foley,19531
Jason Frasor,1906
Jason Garcia,12143
Jason Gilfillan,1710
Jason Green,1004998
Jason Grilli,521
Jason Grimsley,602
Jason Gurka,8007
Jason Hammel,4538
Jason Hirsh,6293
Jason Hursh,14914
Jason Isringhausen,1158
Jason Jennings,434
Jason Jimenez,1506
Jason Johnson,147
Jason Karnuth,1162
Jason Kershner,1566
Jason Lane,1397
Jason Marquis,105
Jason Middlebrook,1048
Jason Miller,3104
Jason Motte,5861
Jason Pearson,1512
Jason Phillips,1549
Jason Rakers,1010660
Jason Roach,1740
Jason Schmidt,1131
Jason Shiell,1625
Jason Simontacchi,1181
Jason Standridge,1229
Jason Stanford,1763
Jason Szuminski,1881
Jason Vargas,8044
Jason Vosler,16686
Jason Waddell,3474
Jason Wheeler,13128
Jason Windsor,8373
Jason Wood,1999
Jason Young,1707
Javier Assad,21741
Javier Lopez,1663
Javier Vazquez,801
Javy Guerra,7407
Javy Guerra,17292
Jay Buente,9494
Jay Flaa,18140
Jay Jackson,7432
Jay Marshall,5546
Jay Powell,1271
Jay Ryan,1011340
Jay Sborz,2271
Jay Spurgeon,1012369
Jay Tessmer,851
Jay Witasick,1138
Jaye Chapman,9096
Jayson Aquino,13150
Jayson Durocher,1497
Jean Machi,3220
Jeanmar Gomez,9033
Jed Bradley,13166
Jedd Gyorko,10816
Jeff Austin,587
Jeff Bajenaru,2920
Jeff Beliveau,8504
Jeff Bennett,1903
Jeff Brantley,1001358
Jeff Brigham,16631
Jeff Cirillo,1073
Jeff Criswell,27608
Jeff D'Amico,871
Jeff D'Amico,1002961
Jeff Farnsworth,465
Jeff Fassero,279
Jeff Ferrell,11506
Jeff Francis,4684
Jeff Francoeur,4792
Jeff Fulchino,3532
Jeff Gray,7718
Jeff Harris,7189
Jeff Hoffman,17432
Jeff Karstens,5879
Jeff Lindgren,25830
Jeff Locke,2929
Jeff Manship,6865
Jeff Marquez,7456
Jeff Mathis,3448
Jeff Nelson,1092
Jeff Niemann,8591
Jeff Ridgway,2819
Jeff Samardzija,3254
Jeff Shaw,1011823
Jeff Sparks,1012304
Jeff Stevens,3367
Jeff Suppan,633
Jeff Tabaka,1012802
Jeff Tam,940
Jeff Wallace,1013550
Jeff Weaver,503
Jeff Williams,674
Jeff Zimmerman,1014446
Jeffrey Springs,17677
Jefry Rodriguez,17018
Jen-Ho Tseng,15524
Jenrry Mejia,8476
Jensen Lewis,3384
Jerad Eickhoff,12664
Jered Weaver,4235
Jeremiah Estrada,22210
Jeremy Accardo,6428
Jeremy Affeldt,583
Jeremy Beasley,20205
Jeremy Bleich,9069
Jeremy Bonderman,1667
Jeremy Fikac,1031
Jeremy Griffiths,1731
Jeremy Guthrie,2072
Jeremy Hefner,1989
Jeremy Hellickson,4371
Jeremy Hill,1607
Jeremy Horst,596
Jeremy Jeffress,9490
Jeremy Powell,1010490
Jeremy Sowers,9083
Jeremy Walker,19981
Jeriome Robertson,1619
Jermaine Palacios,18371
Jermaine Van Buren,2492
Jerome Williams,1137
Jerrod Riggan,1422
Jerry Blevins,7841
Jerry Dipoto,1003321
Jerry Spradlin,1012353
Jerry Vasto,17126
Jesen Therrien,15853
Jesmuel Valentin,14548
Jess Todd,3805
Jesse Biddle,11437
Jesse Carlson,4391
Jesse Chavez,5448
Jesse Crain,4817
Jesse English,4454
Jesse Foppert,1688
Jesse Hahn,13287
Jesse Litsch,3688
Jesse Orosco,667
Jesse Scholtens,19205
Jesus Colome,1198
Jesus Cruz,20042
Jesus Delgado,3308
Jesus Luzardo,19959
Jesus Pena,1010146
Jesus Reyes,19277
Jesus Sanchez,1476
Jesus Sucre,5942
Jesus Tinoco,16300
Jeurys Familia,5114
Jhan Marinez,5830
Jharel Cotton,13654
Jhoan Duran,21029
Jhon Romero,19940
Jhonathan Diaz,20298
Jhonny Nunez,6640
Jhonny Pereda,19802
Jhony Brito,25386
Jhoulys Chacin,2608
Jim Brower,313
Jim Bruske,1001598
Jim Crowell,1928
Jim Henderson,6653
Jim Hoey,6007
Jim Johnson,3656
Jim Mann,566
Jim Mecir,930
Jim Miller,7458
Jim Morris,1009213
Jim Parque,250
Jim Poole,1010435
Jimmie Sherfy,15118
Jimmy Anderson,977
Jimmy Barthmaier,6292
Jimmy Cordero,15690
Jimmy Gobble,1791
Jimmy Haynes,329
Jimmy Herget,17556
Jimmy Journell,1161
Jimmy Lambert,19541
Jimmy Nelson,10547
Jimmy Osting,701
Jimmy Serrano,2491
Jimmy Yacabonis,15157
Jo-Jo Reyes,5559
JoJo Romero,19574
Joakim Soria,6941
Joan Adon,22925
Joaquin Benoit,1437
Joba Chamberlain,2692
Joe Barlow,22296
Joe Beimel,979
Joe Biagini,13194
Joe Bisenius,7370
Joe Blanton,4849
Joe Borowski,267
Joe Boyle,29608
Joe Davenport,1003018
Joe Dawley,1632
Joe Harvey,16459
Joe Horgan,2304
Joe Inglett,7254
Joe Jacques,25178
Joe Jimenez,15761
Joe Kelly,9761
Joe Kennedy,1217
Joe La Sorsa,25481
Joe Mantiply,14857
Joe Martinez,3935
Joe Mather,3714
Joe Mays,740
Joe Musgrove,12970
Joe Nathan,1122
Joe Nelson,108
Joe Ortiz,7955
Joe Paterson,2565
Joe Roa,969
Joe Rodriguez,1180
Joe Ross,12972
Joe Ryan,21390
Joe Saunders,4366
Joe Savery,2835
Joe Slusarski,1012071
Joe Smith,3281
Joe Strong,1012630
Joe Thatcher,4620
Joe Valentine,1810
Joe Wieland,6109
Joe Winkelsas,7988
Joel Carreno,2746
Joel De La Cruz,12825
Joel Hanrahan,2186
Joel Kuhnel,19995
Joel Payamps,14332
Joel Peralta,2332
Joel Pineiro,1094
Joel Zumaya,4699
Joely Rodriguez,11487
Joey Cantillo,23335
Joey Devine,9862
Joey Eischen,774
Joey Estes,26257
Joey Gerber,24591
Joey Hamilton,328
Joey Krehbiel,13707
Joey Lucchesi,19320
Joey Nation,1009462
Joey Wentz,19962
Johan Oviedo,22487
Johan Quezada,20643
Johan Santana,755
John Axford,9059
John Baker,4756
John Bale,864
John Brebbia,12777
John Burkett,179
John Cornely,12364
John Curtiss,16128
John Danks,6329
John Ely,6132
John Ennis,85
John Foster,86
John Franco,874
John Frascatore,1004304
John Gant,13684
John Gast,11133
John Gaub,2857
John Grabow,1848
John Halama,1080
John Holdzkom,9392
John Johnstone,1006475
John King,22051
John Koronka,2130
John Lackey,1507
John Lamb,8493
John Lannan,7080
John Mabry,1381
John Maine,4773
John McDonald,395
John McMillon,27942
John Means,16269
John Nogowski,16852
John Parrish,160
John Patterson,71
John Rheinecker,2165
John Riedling,1515
John Rocker,1273
John Ryan Murphy,10346
John Schreiber,20020
John Smoltz,115
John Snyder,1012253
John Stephens,1569
John Thomson,453
John Van Benschoten,2228
John Wasdin,1768
John Webb,7230
John Wetteland,1013815
Johnny Barbato,11440
Johnny Cueto,6893
Johnny Field,15048
Johnny Hellweg,10065
Johnny Ruffin,1011295
Jon Adkins,1799
Jon Coutlangus,6182
Jon Duplantier,19546
Jon Edwards,1483
Jon Garland,232
Jon Gray,14916
Jon Huber,3109
Jon Jay,5227
Jon Leicester,2092
Jon Lester,4930
Jon Lieber,287
Jon Link,3894
Jon Meloan,3355
Jon Moscot,13849
Jon Niese,4424
Jon Ratliff,1010711
Jon Rauch,1475
Jon Switzer,1786
Jonah Bayliss,4560
Jonathan Albaladejo,3521
Jonathan Arauz,20275
Jonathan Aro,14699
Jonathan Bermudez,21241
Jonathan Bowlan,24607
Jonathan Broxton,4759
Jonathan Cannon,31730
Jonathan Heasley,22224
Jonathan Hernandez,17464
Jonathan Holder,16588
Jonathan Johnson,59
Jonathan Loaisiga,19753
Jonathan Papelbon,5975
Jonathan Pettibone,7106
Jonathan Sanchez,7507
Jonathan Schoop,11265
Jonathan Stiever,24584
Jonathan Van Every,3409
Jonny Gomes,1845
Jonny Venters,7175
Jordan Balazovic,21866
Jordan De Jong,4329
Jordan Hicks,19618
Jordan Holloway,20631
Jordan Jankowski,13313
Jordan Leasure,29950
Jordan Luplow,16424
Jordan Lyles,7593
Jordan Montgomery,16511
Jordan Norberto,8432
Jordan Romano,16122
Jordan Sheffield,19682
Jordan Smith,9515
Jordan Tata,5999
Jordan Walden,3271
Jordan Weems,13190
Jordan Wicks,30094
Jordan Yamamoto,17585
Jordan Zimmermann,4505
Jorge Alcala,19459
Jorge Campillo,8686
Jorge De La Rosa,2047
Jorge De Leon,5397
Jorge DePaula,1827
Jorge Guzman,17505
Jorge Julio,148
Jorge Lopez,14527
Jorge Rondon,5791
Jorge Sosa,1228
Jorge Vasquez,2221
Jose A. Ferrer,24017
Jose Acevedo,307
Jose Alvarado,17780
Jose Alvarez,5358
Jose Arredondo,4722
Jose Ascanio,3951
Jose Berrios,14168
Jose Butto,23313
Jose Cabrera,679
Jose Capellan,2236
Jose Castillo,17169
Jose Ceda,2377
Jose Cisnero,6399
Jose Contreras,1660
Jose Cuas,17701
Jose De La Torre,787
Jose De Leon,15463
Jose De Paula,5744
Jose Dominguez,11571
Jose Espada,21131
Jose Fernandez,11530
Jose Fernandez,14733
Jose Garcia,3727
Jose Hernandez,22318
Jose Herrera,17040
Jose Jimenez,435
Jose Leclerc,14524
Jose Lima,475
Jose Lopez,22982
Jose Marte,21761
Jose Mercedes,396
Jose Mesa,961
Jose Mijares,4140
Jose Mujica,17821
Jose Nunez,1410
Jose Ortega,9651
Jose Osuna,12937
Jose Paniagua,483
Jose Parra,70
Jose Peraza,13593
Jose Quijada,19200
Jose Quintana,11423
Jose Ramirez,10171
Jose Reyes,1736
Jose Rijo,349
Jose Rodriguez,17860
Jose Rondon,14140
Jose Rosado,1011192
Jose Ruiz,14552
Jose Santiago,972
Jose Silva,354
Jose Soriano,22100
Jose Suarez,19911
Jose Torres,14957
Jose Trevino,16725
Jose Urena,11589
Jose Urquidy,18413
Jose Valdez,3217
Jose Valdez,14470
Jose Valverde,1726
Jose Veras,2063
Joselo Diaz,2057
Joseph Colon,4920
Joseph Palumbo,17035
Josh A. Smith,10946
Josh Banks,5570
Josh Beckett,510
Josh Butler,1141
Josh Collmenter,7312
Josh D. Smith,13629
Josh Donaldson,5038
Josh Edgin,10796
Josh Fields,5070
Josh Fleming,20418
Josh Fogg,989
Josh Geer,4781
Josh Hader,14212
Josh Hall,1784
Josh Hancock,1606
Josh Harrison,8202
Josh James,16794
Josh Johnson,4567
Josh Judy,1975
Josh Kinney,3638
Josh Lester,17737
Josh Lindblom,7882
Josh Lucas,11686
Josh Lueke,5722
Josh Maciejewski,21310
Josh Newman,7383
Josh Osich,11528
Josh Outman,4004
Josh Pearce,1175
Josh Phegley,9308
Josh Ravin,2951
Josh Reddick,3892
Josh Roenicke,3241
Josh Rogers,18510
Josh Rojas,19734
Josh Rupe,7206
Josh Sborz,18323
Josh Sharpless,5567
Josh Smoker,10285
Josh Spence,11260
Josh Staumont,18335
Josh Stewart,1683
Josh Stinson,3219
Josh Taylor,17359
Josh Tomlin,9388
Josh Towers,1489
Josh VanMeter,15170
Josh Walker,23617
Josh Wall,4436
Josh Wilson,2102
Josh Winckowski,22387
Josh Winder,24606
Josh Zeid,6527
Joshua Fuentes,16885
Josiah Gray,24580
Josias Manzanillo,996
Jovani Moran,20422
Juan Abreu,6306
Juan Acevedo,458
Juan Alvarez,1432
Juan Cerros,1839
Juan Cruz,273
Juan Dominguez,1796
Juan Gutierrez,3265
Juan Guzman,1005162
Juan Jaime,6127
Juan Lara,2613
Juan Mateo,3753
Juan Minaya,10341
Juan Moreno,1465
Juan Morillo,3369
Juan Nicasio,7731
Juan Oviedo,2886
Juan Padilla,2532
Juan Perez,2557
Juan Rincon,752
Juan Salas,2533
Juan Then,22828
Julian Aguiar,30031
Julian Fernandez,18341
Julian Merryweather,16703
Julian Tavarez,541
Julio DePaula,2786
Julio Manon,1732
Julio Mateo,1087
Julio Santana,496
Julio Teheran,6797
Julio Urias,14765
Jumbo Diaz,3397
Jung Bong,82
Junichi Tazawa,4079
Junior Fernandez,18496
Junior Guerra,5702
Junior Herndon,1005716
Justin Anderson,16201
Justin Atchley,1000346
Justin Berg,1973
Justin Bruihl,23779
Justin Brunette,1001592
Justin De Fratus,4955
Justin Duchscherer,910
Justin Dunn,19268
Justin Freeman,7568
Justin Garza,19784
Justin Germano,1938
Justin Grimm,11720
Justin Haley,13572
Justin Hampson,2209
Justin Hancock,12316
Justin Huisman,1914
Justin James,6140
Justin Kaye,1083
Justin Lawrence,17639
Justin Lehr,2163
Justin Marks,10265
Justin Martinez,24453
Justin Masterson,2038
Justin Miller,8580
Justin Miller,1313
Justin Nicolino,11754
Justin Shafer,16132
Justin Slaten,25648
Justin Speier,451
Justin Steele,17312
Justin Sterner,27694
Justin Thomas,9910
Justin Thompson,8217
Justin Topa,15145
Justin Turner,5235
Justin Verlander,8700
Justin Wayne,803
Justin Wilson,4301
Justin Wrobleski,31204
Justus Sheffield,17285
Ka'ai Tom,18136
Kai-Wei Teng,24282
Kaleb Ort,20061
Kam Mickolio,9513
Kameron Loe,4422
Kane Davis,872
Kanekoa Texeira,334
Karl Kauffmann,27488
Kason Gabbard,3418
Kazuhiro Sasaki,1098
Kazuhisa Ishii,655
Kazuhisa Makita,19757
Kazuhito Tadano,1917
Kazuo Fukumori,3288
Keaton Winn,23499
Keegan Akin,19362
Keegan Thompson,19795
Kei Igawa,7794
Keider Montero,22630
Keiichi Yabu,8624
Keith Butler,10080
Keith Foulke,231
Keith Glauber,1004759
Keith Hessler,12220
Keith Osik,1001
Kelly Wunsch,259
Kelvim Escobar,1298
Kelvin Caceres,24681
Kelvin Herrera,6033
Kelvin Jimenez,2902
Kelvin Marte,5200
Ken Giles,12910
Ken Hill,1005827
Ken Ray,1986
Ken Takahashi,5044
Ken Vining,1013431
Ken Waldichuk,27681
Kendall Graveman,15514
Kendry Flores,12118
Kendrys Morales,8610
Kenley Jansen,3096
Kenneth Roberts,10938
Kenny Rogers,1277
Kenny Rosenberg,20009
Kenshin Kawakami,9225
Kent Bottenfield,1001226
Kent Emanuel,15849
Kent Mercker,439
Kenta Maeda,18498
Keone Kela,14696
Kerry Ligtenberg,100
Kerry Wood,304
Kervin Castro,21656
Keury Mella,15964
Kevin Appier,3
Kevin Barry,3460
Kevin Beirne,638
Kevin Brown,642
Kevin Cameron,3523
Kevin Cash,1593
Kevin Chapman,11240
Kevin Correia,1767
Kevin Foster,1004251
Kevin Frederick,1536
Kevin Gausman,14107
Kevin Ginkel,19876
Kevin Gregg,1793
Kevin Gryboski,91
Kevin Hart,8079
Kevin Herget,15369
Kevin Hodges,1005885
Kevin Jarvis,1037
Kevin Jepsen,6475
Kevin Joseph,1160
Kevin Kelly,25679
Kevin McCarthy,15240
Kevin McGlinchy,1008531
Kevin McGowan,15215
Kevin Millwood,106
Kevin Mulvey,6947
Kevin Ohme,1687
Kevin Olsen,533
Kevin Pickford,1473
Kevin Pillar,12434
Kevin Plawecki,13807
Kevin Quackenbush,12360
Kevin Shackelford,11012
Kevin Siegrist,8180
Kevin Slowey,9918
Kevin Tapani,1012824
Kevin Tolar,1009
Kevin Walker,1060
Kevin Whelan,3462
Keynan Middleton,15264
Keyvius Sampson,10039
Kiko Calero,1676
Kip Gross,1005089
Kip Wells,1012
Kirby Snead,19179
Kirby Yates,9073
Kirk Bullinger,552
Kirk McCarty,20555
Kirk Rueter,1128
Kirk Saarloos,1516
Koda Glover,17695
Kodai Senga,31838
Kodi Whitley,19731
Kody Clemens,20572
Kody Funderburk,24993
Kohei Arihara,27505
Kohl Stewart,15502
Koji Uehara,9227
Kolby Allard,18694
Kolton Ingram,26068
Konner Wade,14655
Konnor Pilkington,21453
Kris Benson,982
Kris Bubic,21455
Kris Foster,1004252
Kris Johnson,886
Kris Keller,473
Kris Medlen,9417
Kris Wilson,636
Kumar Rocker,31843
Kurt Ainsworth,1431
Kurt Birkins,7266
Kutter Crawford,20531
Kwang-hyun Kim,27458
Ky Bush,29823
Kyle Barraclough,13713
Kyle Bird,16618
Kyle Bradish,24586
Kyle Cody,19686
Kyle Crick,13182
Kyle Crockett,15033
Kyle Davies,3642
Kyle Denney,7192
Kyle Dohy,20334
Kyle Dowdy,19285
Kyle Drabek,4359
Kyle Farmer,14813
Kyle Farnsworth,278
Kyle Finnegan,15009
Kyle Freeland,16256
Kyle Funkhouser,19456
Kyle Gibson,10123
Kyle Harrison,27758
Kyle Hart,19646
Kyle Hendricks,12049
Kyle Hurt,27514
Kyle Keller,18890
Kyle Kendrick,6230
Kyle Leahy,24763
Kyle Lloyd,15378
Kyle Lobstein,9178
Kyle Lohse,739
Kyle Martin,14860
Kyle McClellan,4845
Kyle McGowin,15071
Kyle McGrath,16793
Kyle McPherson,5009
Kyle Muller,20167
Kyle Nelson,20515
Kyle Nicolas,27775
Kyle Peterson,1010235
Kyle Ryan,11753
Kyle Snyder,1689
Kyle Tyler,22092
Kyle Waldrop,7513
Kyle Weiland,7874
Kyle Wright,19665
Kyle Zimmer,14169
Kyuji Fujikawa,14443
LaTroy Hawkins,729
Lake Bachar,19222
Lance Broadway,9885
Lance Carter,1592
Lance Cormier,4346
Lance Davis,1003065
Lance Lynn,2520
Lance McCullers Jr.,14120
Lance Painter,1675
Lance Pendleton,4214
Landen Roupp,30076
Landon Knack,27487
Lane Ramsey,25071
Lane Thomas,16939
Larry Luebbers,1007817
Layne Somsen,15301
Lee Gardner,1448
Lee Gronkiewicz,3508
Lendy Castillo,11562
Lenny DiNardo,1894
Leo Estrella,277
Leo Rosales,5618
Leonardo Rivas,21009
Leonel Campos,12277
Leonys Martin,11846
Les Walrond,1735
Lesli Brea,1001372
Lester Oliveros,9167
Leury Garcia,5913
Levale Speigner,5717
Levi Stoudt,25650
Lewis Thorpe,15906
Leyson Septimo,341
Liam Hendriks,3548
Lino Urdaneta,1862
Lisalverto Bonilla,11266
Livan Hernandez,1116
Ljay Newsome,19942
Locke St. John,16850
Logan Allen,27589
Logan Allen,18555
Logan Darnell,11261
Logan Forsythe,7185
Logan Gilbert,22250
Logan Gillaspie,22461
Logan Kensing,6166
Logan Ondrusek,3677
Logan Verrett,12905
Logan Webb,17995
Lorenzo Barcelo,1435
Lou Pote,30
Lou Trivino,15043
Louie Varland,27691
Louis Coleman,9720
Louis Head,13259
Lucas Erceg,19360
Lucas Gilbreath,21290
Lucas Giolito,15474
Lucas Harrell,7541
Lucas Luetge,8337
Lucas Sims,13470
Luis Atilano,3802
Luis Avilan,2882
Luis Ayala,1650
Luis Castillo,15689
Luis Castillo,20638
Luis Cessa,13345
Luis Contreras,25839
Luis Escobar,17345
Luis F. Ortiz,16942
Luis Frias,21997
Luis Garcia,23735
Luis Garcia,6984
Luis Gil,21052
Luis Gonzalez,20332
Luis Guerrero,31184
Luis Guillorme,16451
Luis L. Ortiz,27646
Luis Madero,20399
Luis Marte,8651
Luis Martinez,1823
Luis Medina,21649
Luis Mendoza,3126
Luis Oviedo,21728
Luis Patino,22815
Luis Peralta,24203
Luis Perdomo,5380
Luis Perdomo,14682
Luis Perez,6389
Luis Pineda,346
Luis Rivera,1011004
Luis Santos,15006
Luis Sardinas,13153
Luis Severino,15890
Luis Torrens,15905
Luis Vizcaino,714
Luis de los Santos,1203
Luiz Gohara,15166
Luke Bard,14288
Luke Barker,19609
Luke Farrell,15101
Luke French,7529
Luke Gregerson,4090
Luke Hochevar,6943
Luke Hudson,1542
Luke Jackson,11752
Luke Little,28036
Luke Maile,13355
Luke Prokopec,1320
Luke Putkonen,6736
Luke Raley,19354
Luke Weaver,16918
Luke Williams,19931
Luther Hackman,1155
Lyle Overbay,1617
Lyon Richardson,24581
Mac Sceroler,22218
Mac Suzuki,1485
MacKenzie Gore,22201
Macay McBride,3475
Madison Bumgarner,5524
Madison Younginer,10636
Maikel Cleto,5529
Manny Acosta,8725
Manny Aybar,1107
Manny Banuelos,5365
Manny Barreda,10148
Manny Corpas,2807
Manny Delcarmen,3180
Manny Parra,4279
Manuel Rodriguez,20794
Marc Church,26353
Marc Gwyn,3116
Marc Kroon,1964
Marc Rzepczynski,6612
Marc Valdes,1013313
Marc Wilkins,1013959
Marco Estrada,1118
Marco Gonzales,15467
Marcos Carvajal,3216
Marcos Diplan,17583
Marcos Mateo,6869
Marcus Hatley,4002
Marcus Jones,1006575
Marcus McBeth,3874
Marcus Stroman,13431
Marcus Walden,8004
Mariano Rivera,844
Marino Salas,2432
Mario Hollands,10504
Mario Ramos,1272
Mark Appel,14823
Mark Brownson,1001544
Mark Buehrle,225
Mark Clark,1002296
Mark Corey,870
Mark DiFelice,2468
Mark Gardner,1004529
Mark Grace,56
Mark Guthrie,876
Mark Hamburger,5329
Mark Hendrickson,1574
Mark Holzemer,1005990
Mark J. Johnson,1006485
Mark Leiter,1007501
Mark Leiter Jr.,15551
Mark Loretta,1383
Mark Lowe,7416
Mark Lukasiewicz,21
Mark Malaska,1769
Mark McLemore,4655
Mark Melancon,4264
Mark Mulder,932
Mark Petkovsek,1010242
Mark Prior,301
Mark Redman,491
Mark Reynolds,7619
Mark Rogers,4083
Mark Thompson,1013019
Mark Watson,1526
Mark Wohlers,414
Mark Woodyard,3094
Mark Worrell,8045
Martin Maldonado,6887
Martin Perez,6902
Marty McLeary,2022
Marwin Gonzalez,5497
Masa Kobayashi,3276
Masahiro Tanaka,15764
Masao Kida,1800
Masato Yoshii,807
Mason Black,30171
Mason Englert,22288
Mason Miller,31757
Mason Montgomery,29770
Mason Thompson,21850
Mason Tobin,2534
Masumi Kuwata,7782
Mat Latos,3815
Matt Albers,4300
Matt Anderson,459
Matt Andriese,12022
Matt Barnes,12863
Matt Beaty,17710
Matt Belisle,1837
Matt Blank,1001053
Matt Bowman,13528
Matt Brash,25756
Matt Buschmann,3832
Matt Bush,1246
Matt Cain,4732
Matt Capps,4788
Matt Carasiti,13276
Matt Carpenter,8090
Matt Chico,6068
Matt Childers,1563
Matt Clement,271
Matt Daley,7952
Matt Davidson,7226
Matt DeSalvo,5439
Matt DeWitt,1028
Matt Dermody,14844
Matt Duff,1565
Matt Duffy,13836
Matt Festa,19330
Matt Ford,1674
Matt Foster,19647
Matt Fox,7320
Matt Gage,17381
Matt Garza,3340
Matt Ginter,233
Matt Grace,11449
Matt Guerrier,2061
Matt Hall,18076
Matt Harrison,5551
Matt Harvey,11713
Matt Hensley,1924
Matt Herges,780
Matt Karchner,1006697
Matt Kinney,737
Matt Koch,13420
Matt Krook,19315
Matt Langwell,8130
Matt Lindstrom,4604
Matt Magill,3950
Matt Maloney,9920
Matt Manning,20369
Matt Mantei,64
Matt Marksberry,15089
Matt Mervis,27845
Matt Miller,1754
Matt Miller,479
Matt Moore,1890
Matt Morris,1172
Matt Palmer,4457
Matt Peacock,20339
Matt Perisho,1423
Matt Purke,12831
Matt Ramsey,14460
Matt Reynolds,8887
Matt Reynolds,13788
Matt Riley,164
Matt Roney,1670
Matt Sauer,22284
Matt Shoemaker,4776
Matt Skrmetta,1012044
Matt Smith,3053
Matt Stites,12165
Matt Strahm,13799
Matt Swarmer,19705
Matt Thornton,1918
Matt Waldron,25550
Matt Wallner,26466
Matt West,7980
Matt Whisenant,1013843
Matt White,1720
Matt Whiteside,1956
Matt Williams,1014023
Matt Wise,42
Matt Wisler,12804
Matt Wotherspoon,16452
Matthew Batten,20157
Matthew Boyd,15440
Matthew Liberatore,22294
Matthew Tracy,12240
Mauricio Cabrera,12975
Mauricio Llovera,20080
Mauricio Robles,8895
Mauro Zarate,3621
Max Castillo,21956
Max Fried,13743
Max Kranick,22175
Max Lazar,23426
Max Meyer,27474
Max Povse,16165
Max Scherzer,3137
Max Schrock,17750
Max Stassi,10059
Mayckol Guaipe,11663
McKinley Moore,25663
Melvin Mercedes,10181
Merandy Gonzalez,17313
Merkin Valdez,7019
Merrill Kelly,11156
Micah Bowie,1561
Micah Owings,4253
Michael A. Taylor,11489
Michael Belfiore,9324
Michael Blazek,9654
Michael Bowden,4440
Michael Brady,8461
Michael Cuddyer,1534
Michael Feliz,11903
Michael Fulmer,13218
Michael Gonzalez,1794
Michael Grove,23221
Michael Kelly,12791
Michael King,19853
Michael Kirkman,9877
Michael Kohn,8505
Michael Kopech,17282
Michael Lorenzen,14843
Michael Mariot,10835
Michael Martinez,7358
Michael McGreevy,29869
Michael Mercado,23223
Michael Petersen,20827
Michael Pineda,5372
Michael Plassmeyer,23191
Michael Roth,13736
Michael Rucker,19454
Michael Schwimer,8103
Michael Shawaryn,19495
Michael Stefanic,25353
Michael Stutes,6550
Michael Tejera,542
Michael Tonkin,10315
Michael Wacha,14078
Michael Wuertz,1856
Michael Ynoa,14093
Michel Baez,20100
Michel Otanez,22533
Mickey Callaway,7
Mickey Jannis,11071
Mickey Storey,4721
Miguel Aguilar,19246
Miguel Almonte,14139
Miguel Asencio,586
Miguel Batista,46
Miguel Castro,15684
Miguel Del Pozo,18792
Miguel Diaz,18815
Miguel Gonzalez,15675
Miguel Gonzalez,7024
Miguel Montero,3364
Miguel Rojas,7802
Miguel Sanchez,20074
Miguel Sano,12164
Miguel Socolovich,6697
Miguel Yajure,21111
Miguel del Toro,1003184
Mike Adams,1937
Mike Bacsik,863
Mike Baumann,20206
Mike Bolsinger,11137
Mike Broadway,9894
Mike Brosseau,19683
Mike Buddie,678
Mike Burns,2932
Mike Burrows,24728
Mike Bynum,1022
Mike Carp,7480
Mike Clevinger,12808
Mike Crotta,9337
Mike Crudale,1148
Mike DeJean,682
Mike Dunn,9948
Mike Duvall,1003603
Mike Ekstrom,7488
Mike Esposito,4986
Mike Fetters,988
Mike Fiers,7754
Mike Foltynewicz,10811
Mike Ford,15585
Mike Freeman,11241
Mike Fyhrie,1447
Mike Gallo,1759
Mike Garcia,1004507
Mike Gosling,2204
Mike Hampton,430
Mike Hauschild,14033
Mike Hinckley,3769
Mike Holtz,920
Mike Jackson,732
Mike James,1453
Mike Johnson,1006487
Mike Johnston,1868
Mike Judd,1006639
Mike Kickham,11618
Mike Koplove,63
Mike Leake,10130
Mike Lincoln,1457
Mike MacDougal,612
Mike Maddux,1007951
Mike Magnante,929
Mike Maroth,1508
Mike Matthews,1170
Mike Mayers,15451
Mike McClendon,9587
Mike McCoy,4583
Mike Minor,10021
Mike Mohler,1009033
Mike Montgomery,4869
Mike Morgan,67
Mike Morin,13442
Mike Munoz,1009328
Mike Mussina,837
Mike Myers,68
Mike Nakamura,1734
Mike Neu,1685
Mike O'Connor,6457
Mike Parisi,8070
Mike Pelfrey,5203
Mike Porzio,252
Mike Remlinger,111
Mike Schultz,7057
Mike Sirotka,1012015
Mike Smith,1479
Mike Soroka,18383
Mike Stanton,849
Mike Tauchman,15274
Mike Thompson,2735
Mike Thurman,852
Mike Timlin,1187
Mike Trombley,758
Mike Venafro,943
Mike Williams,1014
Mike Wood,1806
Mike Wright Jr.,12586
Mike Yastrzemski,14854
Mike Zagurski,9683
Miles Mastrobuoni,20017
Miles Mikolas,9803
Mitch Atkins,8369
Mitch Garver,15161
Mitch Keller,17594
Mitch Maier,5588
Mitch Moreland,3086
Mitch Spence,27707
Mitch Stetter,5579
Mitch Talbot,4961
Mitch White,19225
Mitchell Boggs,3344
Mitchell Harris,4530
Mitchell Parker,27636
Montana DuRapau,16768
Murphy Smith,9812
Mychal Givens,10430
Myles Jaye,11769
Nabil Crismatt,17732
Naoyuki Uwasawa,33828
Nash Walters,25413
Nate Adcock,3282
Nate Bland,1700
Nate Bump,1755
Nate Cornejo,462
Nate Eaton,25055
Nate Field,599
Nate Fisher,25512
Nate Jones,4696
Nate Pearson,20160
Nate Robertson,1620
Nate Teut,1487
Nathan Eovaldi,9132
Nathan Karns,12638
Neal Cotts,1797
Neal Musser,2727
Nefi Ogando,12253
Neftali Feliz,18
Neil Ramirez,7677
Neil Wagner,8162
Neil Walker,7539
Nelson Cruz,554
Nelson Figueroa,683
Nerio Rodriguez,403
Nestor Cortes,17874
Nicholas Padilla,21327
Nick Adenhart,6879
Nick Allgeyer,24486
Nick Anderson,18337
Nick Avila,25667
Nick Bierbrodt,1194
Nick Blackburn,4270
Nick Burdi,16074
Nick Christiani,10332
Nick Duron,21092
Nick Franklin,10166
Nick Gardewine,16513
Nick Goody,13685
Nick Gordon,16337
Nick Green,1502
Nick Greenwood,8182
Nick Hagadone,1351
Nick Hernandez,19281
Nick Kingham,11694
Nick Lodolo,26378
Nick Loftin,27630
Nick Margevicius,20395
Nick Maronde,12530
Nick Martinez,12730
Nick Martini,12005
Nick Masset,7267
Nick Maton,21635
Nick Mears,25376
Nick Nastrini,29833
Nick Neidert,18699
Nick Nelson,20153
Nick Neugebauer,698
Nick Pivetta,15454
Nick Pratto,22117
Nick Ramirez,12575
Nick Regilio,2226
Nick Robertson,26226
Nick Rumbelow,14867
Nick Sandlin,20517
Nick Swisher,4599
Nick Tepesch,11716
Nick Tropeano,12385
Nick Vespi,21093
Nick Vincent,7555
Nick Wittgren,15594
Nicklaus Snyder,23493
Nicky Lopez,19339
Nik Turley,5530
Nivaldo Rodriguez,22449
Noah Davis,25862
Noah Lowry,1833
Noah Syndergaard,11762
Noe Ramirez,12800
Norge Ruiz,19580
Nori Aoki,13075
Norm Charlton,1002160
Octavio Dotel,555
Odalis Perez,668
Odrisamer Despaigne,16017
Oliver Drake,8823
Oliver Ortega,21025
Oliver Perez,1514
Omar Beltre,10259
Omar Daal,646
Omar Olivares,1009771
Onan Masaoka,1008209
Onelki Garcia,13674
Orber Moreno,617
Orel Hershiser,1005741
Orion Kerkering,31776
Orlando Arcia,13185
Orlando Hernandez,823
Orlando Ribalta,26247
Oscar Henriquez,1540
Oscar Villarreal,1654
Osiris Matos,4100
Osmer Morales,17133
Osvaldo Bido,23150
Osvaldo Fernandez,1004000
Oswaldo Cabrera,21707
Oswaldo Mairena,528
Owen Miller,24655
Owen White,22273
P.J. Conlon,18213
P.J. Walters,9557
Pablo Lopez,17085
Pablo Reyes,16357
Pablo Sandoval,5409
Packy Naughton,23292
Paco Rodriguez,13398
Paolo Espino,8246
Parker Bridwell,11502
Parker Dunshee,20018
Parker Markel,12106
Parker Mushinski,21324
Pasqual Coco,1294
Pat Dean,11350
Pat Hentgen,145
Pat Light,13427
Pat Mahomes,291
Pat McCoy,6605
Pat Misch,5909
Pat Neshek,4682
Pat Rapp,1010700
Pat Strange,896
Pat Valaika,14885
Pat Venditte,7108
Patrick Corbin,9323
Patrick Murphy,19712
Patrick Sandoval,19447
Patrick Schuster,10029
Patrick Weigel,17792
Patrick Wisdom,13602
Paul Abbott,1061
Paul Blackburn,14739
Paul Byrd,594
Paul Campbell,22248
Paul Clemens,8037
Paul Fry,15832
Paul Janish,7412
Paul Maholm,8678
Paul Quantrill,669
Paul Rigdon,1010955
Paul Sewald,13892
Paul Shuey,406
Paul Skenes,33677
Paul Spoljaric,1012349
Paul Wilson,1234
Pavin Smith,19892
Paxton Crawford,1002747
Pedro Araujo,17697
Pedro Astacio,862
Pedro Avila,18864
Pedro Baez,5420
Pedro Beato,1330
Pedro Borbon,1289
Pedro Feliciano,1601
Pedro Figueroa,6616
Pedro Florimon,8385
Pedro Hernandez,4578
Pedro Liriano,2119
Pedro Martinez,200
Pedro Payano,18313
Pedro Strop,4070
Pedro Villarreal,9904
Pedro Viola,5971
Penn Murfee,25174
Perci Garner,10887
Pete Fairbanks,17998
Pete Harnisch,1005374
Pete Munro,1546
Pete Schourek,1011608
Pete Walker,1325
Peter Lambert,17969
Peter Moylan,4891
Peter Solomon,20476
Peter Strzelecki,21367
Peyton Battenfield,25777
Phil Barzilla,3486
Phil Bickford,18519
Phil Coke,5535
Phil Dumatrait,8598
Phil Gosselin,10953
Phil Hughes,7450
Phil Irwin,9489
Phil Klein,12675
Phil Maton,18064
Phil Norton,1714
Phil Seibel,1905
Phil Stockman,2206
Philip Humber,8586
Phillip Diehl,20030
Phillip Ervin,14738
Phillip Evans,12950
Phillippe Aumont,5362
Phillips Valdez,15605
Phoenix Sanders,20541
Pierce Johnson,13435
Porter Hodge,26413
Prelander Berroa,22932
Preston Claiborne,10500
Preston Guilmet,7303
Quinn Priester,25977
R.A. Dickey,1245
R.J. Alaniz,10819
R.J. Alvarez,13401
R.J. Swindle,539
Radhames Liz,5843
Rafael Betancourt,177
Rafael Dolis,4185
Rafael Martin,10258
Rafael Montero,12760
Rafael Perez,4078
Rafael Rodriguez,6417
Rafael Roque,1011191
Rafael Soriano,1100
Raisel Iglesias,17130
Ralph Garza,17682
Ramiro Mendoza,836
Ramon Martinez,1008193
Ramon Ortiz,27
Ramon Ramirez,7986
Ramon Ramirez,2899
Ramon Rosso,20368
Ramon Troncoso,4685
Randal Grichuk,10243
Randall Delgado,5985
Randor Bierd,5555
Randy Choate,813
Randy Dobnak,23798
Randy Flores,1446
Randy Johnson,60
Randy Keisler,830
Randy Messenger,2658
Randy Rodriguez,23974
Randy Rosario,14508
Randy Vasquez,24719
Randy Wells,4535
Randy Williams,2362
Randy Wolf,976
Randy Wynne,25804
Ranger Suarez,17277
Raudel Lazo,14077
Raul Alcantara,12790
Raul Valdes,1953
Ray Black,14244
Ray Kerr,23809
Ray King,693
Raymond Burgos,22370
Raynel Espinal,19516
Red Patterson,10710
Reed Garrett,16866
Reese McGuire,15674
Reese Olson,24968
Reggie McClain,19311
Reid Cornelius,1002634
Reid Detmers,27468
Reiss Knehr,21541
Reiver Sanmartin,19754
Rene Pinto,19859
Renyel Pinto,2180
Rex Brothers,9794
Reyes Moronta,14966
Reymin Guduan,13058
Reynaldo Garcia,1557
Reynaldo Lopez,16400
Rheal Cormier,952
Rhett Lowder,33876
Rhiner Cruz,711
Ricardo Pinto,16318
Ricardo Rincon,401
Ricardo Rodriguez,1585
Ricardo Rodriguez,15458
Ricardo Sanchez,17581
Rich Croushore,1002819
Rich Garces,189
Rich Harden,1772
Rich Hill,4806
Rich Loiselle,1007711
Rich Rodriguez,1276
Rich Rundles,2760
Rich Sauveur,1011465
Rich Thompson,6422
Richard Bleier,7803
Richard Fitts,30160
Richard Lovelady,19337
Richard Rodriguez,13549
Richard Urena,16411
Rick Aguilera,1000086
Rick Ankiel,1142
Rick Bauer,125
Rick DeHart,1723
Rick Helling,58
Rick Porcello,2717
Rick Reed,750
Rick VandenHurk,5099
Rick White,456
Ricky Bones,1001161
Ricky Bottalico,948
Ricky Karcher,23449
Ricky Nolasco,3830
Ricky Romero,3403
Ricky Stone,576
Ricky Vanasco,23391
Rico Garcia,20023
Rigo Beltran,1916
Riley O'Brien,20348
Riley Pint,21858
Riley Smith,19826
River Ryan,29514
Roansy Contreras,22810
Rob Bell,1492
Rob Brantly,10655
Rob Delaney,5100
Rob Johnson,8029
Rob Kaminsky,15792
Rob Rasmussen,11250
Rob Scahill,9286
Rob Stanifer,1012403
Rob Whalen,14165
Rob Wooten,8532
Rob Zastryzny,15094
Robb Nen,1123
Robbie Erlin,10354
Robbie Ray,11486
Robbie Ross Jr.,6819
Robbie Weinhardt,8479
Robby Scott,13042
Robel Garcia,13167
Robert Carson,2570
Robert Coello,1149
Robert Dugger,19191
Robert Ellis,649
Robert Garcia,23363
Robert Gasser,29812
Robert Gsellman,13696
Robert Manuel,817
Robert Person,966
Robert Ramsay,1010682
Robert Ray,3359
Robert Stephenson,13594
Robert Stock,6576
Robert Suarez,30115
Roberto Gomez,12963
Roberto Hernandez,3273
Roberto Hernandez,605
Roberto Novoa,2217
Roberto Osuna,13764
Robin Ventura,854
Robinson Leyer,14399
Robinson Tejeda,2575
Rocky Biddle,223
Rocky Cherry,5188
Rocky Coppinger,1002604
Rod Beck,1730
Roddery Munoz,25311
Rodney Myers,1511
Rodrigo Lopez,150
Rodrigo Rosario,1747
Roel Ramirez,16470
Roenis Elias,12673
Rogelio Armenteros,17679
Roger Clemens,815
Roger Deago,1705
Rolando Arrojo,174
Roman Colon,2242
Roman Mendez,10307
Roman Quinn,13546
Rommie Lewis,3588
Romulo Sanchez,4170
Romy Gonzalez,21562
Ron Flores,3152
Ron Mahay,290
Ron Marinaccio,23488
Ron Villone,1010
Ronald Belisario,2203
Ronald Bolanos,20041
Ronald Herrera,15688
Ronald Torreyes,11400
Ronel Blanco,19407
Ronny Henriquez,24094
Rony Garcia,20430
Rookie Davis,14962
Rosman Garcia,1691
Ross Detwiler,2859
Ross Gload,1538
Ross Ohlendorf,8268
Ross Stripling,13273
Ross Wolf,4534
Rowan Wick,14646
Rowdy Tellez,15679
Roy Corcoran,1780
Roy Halladay,1303
Roy Oswalt,571
Roy Smith,407
Royce Ring,4350
Rubby de la Rosa,3862
Ruben Quevedo,705
Ruben Tejada,5519
Ruddy Lugo,2710
Rudy Owens,5226
Rudy Seanez,1279
Runelvys Hernandez,1528
Russ Ortiz,1124
Russ Springer,1652
Russell Martin,4616
Rusty Meacham,1008702
Ryan Borucki,16350
Ryan Brasier,5615
Ryan Braun,5648
Ryan Buchter,9456
Ryan Bukvich,1531
Ryan Burr,17536
Ryan Carpenter,12699
Ryan Castellani,16377
Ryan Cook,8855
Ryan Dempster,517
Ryan Dennick,9261
Ryan Drese,379
Ryan Dull,13974
Ryan Eades,14808
Ryan Feierabend,6336
Ryan Feltner,21446
Ryan Fernandez,24862
Ryan Flaherty,7888
Ryan Franklin,1076
Ryan Garton,14016
Ryan Glynn,686
Ryan Goins,9807
Ryan Hartman,19480
Ryan Helsley,18138
Ryan Hendrix,19535
Ryan Jensen,1117
Ryan Kelly,4858
Ryan Kohlmeier,1007082
Ryan LaMarre,10700
Ryan Loutos,29521
Ryan Madson,1852
Ryan Mattheus,7169
Ryan McKenna,19928
Ryan Meisinger,18105
Ryan Merritt,13688
Ryan Miller,22187
Ryan O'Malley,4412
Ryan O'Rourke,10976
Ryan Pepiot,26221
Ryan Perry,8799
Ryan Pressly,7005
Ryan Raburn,2218
Ryan Reid,9385
Ryan Rowland-Smith,3245
Ryan Rua,12409
Ryan Rupe,1223
Ryan Sadowski,5916
Ryan Sherriff,12249
Ryan Snare,1912
Ryan Speier,3808
Ryan Tepera,10291
Ryan Thompson,16647
Ryan Tucker,1062
Ryan Verdugo,9154
Ryan Vogelsong,1011
Ryan Wagner,1770
Ryan Walker,20423
Ryan Weathers,23796
Ryan Webb,7474
Ryan Weber,10160
Ryan Yarbrough,16502
Ryan Zeferjahn,25420
Ryder Ryan,19891
Ryne Harper,12680
Ryne Nelson,26253
Ryne Stanek,15947
Ryota Igarashi,10232
Sal Romano,13690
Salomon Torres,1628
Sam Bachman,29754
Sam Clay,16279
Sam Coonrod,17264
Sam Demel,868
Sam Dyson,11710
Sam Freeman,6832
Sam Fuld,8254
Sam Gaviglio,12778
Sam Hentges,18548
Sam Howard,16265
Sam LeCure,4664
Sam Long,25379
Sam Marsonek,2144
Sam McConnell,2355
Sam Moll,14874
Sam Narron,4516
Sam Selman,13397
Sam Tuivailala,13485
Sammy Gervacio,5127
Sammy Peralta,25589
Sammy Solis,11457
Samuel Aldegheri,26443
Samuel Deduno,5285
Sandy Alcantara,18684
Sandy Baez,17754
Sandy Leon,5273
Sandy Rosario,1525
Sang-Hoon Lee,1007465
Santiago Casilla,2873
Santiago Espinal,19997
Santiago Ramirez,2122
Satoru Komiyama,881
Saul Rivera,2027
Sawyer Gipson-Long,26048
Scooter Gennett,10339
Scot Shields,35
Scott Aldred,1000115
Scott Alexander,10591
Scott Atchison,2642
Scott Baker,6176
Scott Barlow,14993
Scott Barnes,8718
Scott Blewett,16427
Scott Carroll,888
Scott Cassidy,1293
Scott Chiasson,269
Scott Copeland,10706
Scott Diamond,5089
Scott Dohmann,1936
Scott Downs,773
Scott Dunn,2634
Scott Effross,18384
Scott Elarton,426
Scott Elbert,7489
Scott Erickson,137
Scott Eyre,1300
Scott Feldman,6283
Scott Forster,1004235
Scott Kamieniecki,1006681
Scott Karl,1006703
Scott Kazmir,4897
Scott Kingery,17975
Scott Lewis,7322
Scott Linebrink,564
Scott MacRae,1007935
Scott Maine,885
Scott Mathieson,4771
Scott McGough,12056
Scott Mullen,618
Scott Munter,3470
Scott Oberg,13911
Scott Olsen,4529
Scott Patterson,5
Scott Proctor,1911
Scott Radinsky,1010641
Scott Randall,749
Scott Rice,2743
Scott Richmond,4307
Scott Sauerbeck,1007
Scott Schoeneweis,33
Scott Service,1684
Scott Sheldon,1011856
Scott Snodgress,12020
Scott Sobkowiak,1012257
Scott Spiezio,37
Scott Stewart,797
Scott Strickland,897
Scott Sullivan,357
Scott Wiggins,1631
Scott Williamson,361
Scott Winchester,1014120
Sean Bergman,1000881
Sean Burke,29878
Sean Burnett,1886
Sean Burroughs,1021
Sean DePaula,377
Sean Doolittle,1581
Sean Douglass,133
Sean Gallagher,8261
Sean Gilmartin,12781
Sean Green,3001
Sean Guenther,20045
Sean Henn,2147
Sean Hjelle,21481
Sean Lowe,994
Sean Manaea,15873
Sean Marshall,5905
Sean Newcomb,16943
Sean Nolin,11341
Sean O'Sullivan,9137
Sean Poppen,19583
Sean Reid-Foley,17034
Sean Reynolds,22253
Sean Rodriguez,6589
Sean Runyan,1011305
Sean Spencer,1012327
Sean Tracey,4621
Sean West,4393
Sean White,5564
Seby Zavala,18887
Sendy Rleal,2737
Seranthony Dominguez,19249
Sergio Alcantara,16417
Sergio Escalona,7122
Sergio Mitre,1773
Sergio Romo,9817
Sergio Santos,4734
Seth Elledge,19766
Seth Etherton,322
Seth Frankoff,11346
Seth Greisinger,467
Seth Halvorsen,33294
Seth Johnson,26020
Seth Lugo,12447
Seth Maness,12235
Seth Martinez,21045
Seth McClung,1657
Seth Romero,21333
Seth Rosin,10606
Seunghwan Oh,18719
Severino Gonzalez,14697
Shae Simmons,14200
Shairon Martis,6781
Shane Baz,22264
Shane Bieber,19427
Shane Carle,15258
Shane Greene,10756
Shane Halter,468
Shane Komine,4754
Shane Lindsay,3881
Shane Loux,1613
Shane McClanahan,21483
Shane Nance,1584
Shane Reynolds,574
Shane Robinson,4249
Shane Youman,3888
Shaun Anderson,19453
Shaun Marcum,6204
Shawn Armstrong,12857
Shawn Camp,1855
Shawn Chacon,424
Shawn Dubin,24977
Shawn Estes,873
Shawn Hill,1882
Shawn Kelley,7773
Shawn Morimando,13606
Shawn Sedlacek,1519
Shawn Tolleson,10481
Shea Spitzbarth,18475
Shelby Miller,10197
Sheldon Neuse,19635
Shigetoshi Hasegawa,1082
Shingo Takatsu,1896
Shintaro Fujinami,31839
Shohei Ohtani,19755
Shota Imanaga,33829
Shun Yamaguchi,27460
Sidney Ponson,161
Silvino Bracho,15051
Simeon Woods Richardson,24494
Simon Castro,9243
Sixto Sanchez,19680
Skip Schumaker,3704
Slade Cecconi,27500
Sonny Gray,12768
Spencer Arrighetti,29921
Spencer Bivens,30226
Spencer Howard,23252
Spencer Patton,12361
Spencer Schwellenbach,31846
Spencer Strider,27498
Spencer Turnbull,16207
Spenser Watkins,17489
Stan Belinda,1000792
Stan Spencer,1012329
Stefan Crichton,16058
Stephen Fife,8077
Stephen Gonsalves,15492
Stephen Kolek,21487
Stephen Nogosek,19545
Stephen Pryor,10663
Stephen Randolph,1655
Stephen Ridings,22358
Stephen Strasburg,10131
Stephen Tarpley,15859
Sterling Hitchcock,824
Sterling Sharp,19671
Steve Andrade,7018
Steve Avery,1706
Steve Bechler,1590
Steve Cishek,6483
Steve Colyer,1678
Steve Delabar,11827
Steve Edlefsen,2185
Steve Finley,54
Steve Garrison,9869
Steve Geltz,8402
Steve Green,1005012
Steve Hathaway,15293
Steve Johnson,4053
Steve Karsay,829
Steve Kent,1218
Steve Kline,1164
Steve Montgomery,1009074
Steve Ontiveros,1009826
Steve Parris,1316
Steve Rain,1010657
Steve Reed,1053
Steve Schmoll,5495
Steve Schrenk,1011614
Steve Smyth,1577
Steve Sparks,1012305
Steve Sparks,499
Steve Stemle,2518
Steve Tolleson,4450
Steve Trachsel,898
Steve Watkins,2029
Steve Woodard,1285
Steven Ames,9615
Steven Brault,15291
Steven Cruz,23165
Steven Jackson,7341
Steven Matz,13361
Steven Okert,13580
Steven Register,7463
Steven Shell,3681
Steven Wilson,20353
Steven Wright,8185
Stevie Wilkerson,16041
Stolmy Pimentel,6415
Stuart Pomeranz,6382
Sugar Marimon,6027
Sun-Woo Kim,197
T.J. Beam,6101
T.J. House,9121
T.J. Mathews,567
T.J. McFarland,3237
T.J. Tucker,800
T.J. Zeuch,19269
Taijuan Walker,11836
Taj Bradley,22543
Takahito Nomura,699
Takashi Saito,6021
Tanner Anderson,18029
Tanner Banks,16990
Tanner Bibee,30134
Tanner Gordon,27669
Tanner Houck,19879
Tanner Rainey,17610
Tanner Roark,8753
Tanner Scheppers,10267
Tanner Scott,17586
Tanner Tully,19518
Tanyon Sturtze,1230
Tarik Skubal,22267
Tayler Saucedo,17888
Tayler Scott,13652
Taylor Buchholz,2168
Taylor Clarke,17611
Taylor Cole,11964
Taylor Davis,12782
Taylor Guerrieri,13616
Taylor Guilbeau,18306
Taylor Hearn,18325
Taylor Hill,12515
Taylor Jordan,10466
Taylor Jungmann,13119
Taylor Motter,12399
Taylor Rogers,13449
Taylor Tankersley,8249
Taylor Thompson,10019
Taylor Widener,19266
Taylor Williams,14899
Tayron Guerrero,11691
Ted Lilly,833
Tejay Antone,16233
Terry Adams,946
Terry Mulholland,665
Terry Pearson,487
Thad Ward,21513
Thad Weber,8036
Thomas Diamond,8025
Thomas Eshelman,18361
Thomas Hatch,19264
Thomas Pannone,17281
Thomas Szapucki,21065
Thyago Vieira,14510
Tim Adleman,10968
Tim Belcher,1000789
Tim Bogar,1001120
Tim Byrdak,1995
Tim Christman,1002224
Tim Collins,3164
Tim Cooney,13762
Tim Corcoran,2351
Tim Crabtree,1002715
Tim Dillard,5518
Tim Drew,380
Tim Federowicz,8609
Tim Hamulack,1900
Tim Harikkala,1909
Tim Herrin,25139
Tim Hill,16814
Tim Hudson,921
Tim Laker,1681
Tim Lincecum,5705
Tim Lopes,14137
Tim Mayza,15042
Tim Melville,9149
Tim Peterson,13946
Tim Redding,573
Tim Spooneybarger,1484
Tim Stauffer,6432
Tim Wakefield,219
Tim Wood,3775
Tim Worrell,1139
Tim Young,1014392
Tobi Stoner,4591
Tobias Myers,22191
Toby Borland,511
Todd Belitz,1000793
Todd Coffey,2467
Todd Erdos,1003804
Todd Frazier,785
Todd Jones,436
Todd Redmond,9943
Todd Ritchie,253
Todd Stottlemyre,75
Todd Van Poppel,1284
Todd Wellemeyer,1709
Todd Williams,805
Todd Zeile,457
Tom Cosgrove,23443
Tom Davey,1026
Tom Glavine,90
Tom Gordon,282
Tom Gorzelanny,6244
Tom Jacquez,1006332
Tom Koehler,6570
Tom Martin,1219
Tom Mastny,5768
Tom Murphy,13499
Tom Shearn,2040
Tom Wilhelmsen,9975
Tomas Perez,965
Tommy Doyle,21281
Tommy Hanson,9129
Tommy Henry,26285
Tommy Hottovy,7542
Tommy Hunter,1157
Tommy Kahnle,11384
Tommy La Stella,12371
Tommy Layne,7501
Tommy Milone,7608
Tommy Nance,19178
Tommy Phelps,1665
Tommy Romero,23465
Tomo Ohka,788
Tony Armas Jr.,761
Tony Barnette,3555
Tony Cingrani,12555
Tony Cogan,1002395
Tony Fiore,726
Tony Gonsolin,19388
Tony McKnight,1008602
Tony Mounce,1739
Tony Pena,4573
Tony Pena,2240
Tony Santillan,19926
Tony Sipp,8280
Tony Watson,3132
Tony Zych,12876
Toru Murata,11652
Touki Toussaint,16929
Travis Bergen,18581
Travis Blackley,3234
Travis Bowyer,2653
Travis Chick,4524
Travis Demeritte,15958
Travis Driskill,134
Travis Harper,1211
Travis Hughes,2045
Travis Lakins Sr.,18600
Travis Miller,742
Travis Phelps,1221
Travis Schlichting,3847
Travis Smith,1522
Travis Snider,2830
Travis Wood,9884
Trent Durrington,1805
Trent Thornton,17948
Trever Miller,1672
Trevor Bauer,12703
Trevor Bell,7074
Trevor Cahill,6249
Trevor Enders,1003775
Trevor Gott,15046
Trevor Hildenberger,17002
Trevor Hoffman,1035
Trevor Kelley,18454
Trevor May,6398
Trevor McDonald,26448
Trevor Megill,17722
Trevor Oaks,16468
Trevor Richards,19309
Trevor Rogers,22286
Trevor Rosenthal,10745
Trevor Stephan,19932
Trevor Williams,16977
Trey Hodges,1608
Trey Moore,1009130
Trey Wingenter,17793
Tristan Beck,21584
Triston McKenzie,18000
Troy Brohawn,1110
Troy Cate,4627
Troy Mattes,1008252
Troy Patton,8368
Troy Percival,29
Troy Scribner,15570
Troy Taylor,31883
Trystan Magnuson,3646
Tsuyoshi Wada,13046
Tucker Barnhart,10200
Tucker Davidson,19871
Turk Wendell,975
Ty Adcock,25651
Ty Blach,14361
Ty Buttrey,14719
Ty France,17982
Ty Madden,30140
Ty Taubenheim,5561
Ty Tice,20177
Tyler Alexander,17735
Tyler Anderson,12880
Tyler Bashlor,15203
Tyler Beede,16981
Tyler Chatwood,4338
Tyler Clippard,5640
Tyler Cloyd,8536
Tyler Cravy,10770
Tyler Cyr,18421
Tyler Danish,15126
Tyler Duffey,13758
Tyler Ferguson,19481
Tyler Fitzgerald,26208
Tyler Gilbert,17964
Tyler Glasnow,14374
Tyler Heineman,13897
Tyler Holt,11391
Tyler Holton,26231
Tyler Ivey,20237
Tyler Jay,17952
Tyler Johnson,3404
Tyler Kinley,18297
Tyler Ladendorf,3211
Tyler Lyons,11334
Tyler Mahle,16358
Tyler Matzek,10058
Tyler Moore,7244
Tyler Olson,14741
Tyler Phillips,20629
Tyler Pill,12751
Tyler Robertson,3223
Tyler Rogers,15541
Tyler Skaggs,10190
Tyler Sturdevant,6780
Tyler Thornburg,10688
Tyler Wagner,13796
Tyler Walker,901
Tyler Webb,14974
Tyler Wells,20000
Tyler White,15564
Tyler Wilson,12691
Tyler Yates,1527
Tyler Zuber,20379
Tylor Megill,21318
Tyrell Jenkins,11378
Tyson Brummett,509
Tyson Miller,19976
Tyson Ross,7872
Tzu-Wei Lin,14678
Ubaldo Jimenez,3374
Ugueth Urbina,216
Valente Bellozo,23899
Valerio de los Santos,681
Vance Worley,6435
Vic Black,9195
Vic Darensbourg,516
Vicente Campos,11681
Vicente Padilla,964
Vicente Palacios,1009965
Victor Alcantara,15028
Victor Alvarez,1559
Victor Arano,15915
Victor Caratini,14968
Victor Garate,4036
Victor Gonzalez,16408
Victor Marte,5158
Victor Mederos,31533
Victor Santos,446
Victor Vodnik,24614
Victor Zambrano,1237
Vidal Brujan,20536
Vidal Nuno,9674
Vin Mazzaro,5231
Vince Velasquez,11189
Vinnie Chulk,1838
Vinnie Pestano,4782
Vinny Nittoli,16754
Virgil Vasquez,6124
Vladimir Gutierrez,19278
Vladimir Nunez,532
Wade Davis,7441
Wade LeBlanc,5221
Wade Miley,8779
Wade Miller,568
Waldis Joaquin,6580
Walker Buehler,19374
Walker Lockett,13804
Walter Pennington,27624
Walter Silva,5157
Wander Suero,15855
Wandy Peralta,14295
Wandy Rodriguez,2586
Warner Madrigal,6419
Warwick Saupold,13211
Wascar Serrano,1011754
Wayne Franklin,557
Wayne Gomes,191
Wei-Chieh Huang,17508
Wei-Chung Wang,14382
Wei-Yin Chen,13071
Wes Benjamin,19243
Wes Littleton,6236
Wes Obermueller,1637
Wes Parsons,14764
Wes Whisler,8023
Wesley Wright,5960
Weston Wilson,19358
Whit Merrifield,11281
Wiki Gonzalez,1033
Wil Crowe,19800
Wil Ledezma,1669
Wil Myers,10047
Wilfredo Boscan,7655
Wilfredo Rodriguez,1011117
Wilking Rodriguez,8801
Will Cunnane,274
Will Harris,3192
Will Klein,27787
Will Ohman,296
Will Smith,8048
Will Vest,19769
Will Warren,30182
Willi Castro,17338
William Cuevas,13331
William Woods,25075
Williams Jerez,14338
Williams Perez,11592
Willians Astudillo,15608
Willie Banks,1434
Willie Blair,1001033
Willie Collazo,3503
Willie Eyre,2078
Willie Martinez,1008203
Willis Roberts,167
Wilmer Difo,14320
Wilmer Font,5257
Wilson Alvarez,1193
Wilson Valdez,1863
Wilton Lopez,4227
Wily Peralta,7738
Winston Abreu,582
Woody Williams,1190
Wyatt Mathisen,14555
Wyatt Mills,20010
Xavier Cedeno,36
Xzavion Curry,25595
Yacksel Rios,15007
Yadier Molina,7007
Yariel Rodriguez,33838
Yasuhiko Yabuta,3277
Yefry Ramirez,15655
Yency Almonte,15068
Yennier Cano,25911
Yennsy Diaz,20218
Yermin Mercedes,17423
Yerry De Los Santos,21420
Yerry Rodriguez,21955
Yhency Brazoban,2150
Yhonathan Barrios,11166
Yilber Diaz,29271
Yimi Garcia,12095
Yoan Lopez,17181
Yoel Hernandez,2576
Yoendrys Gomez,22872
Yoervis Medina,10498
Yohan Flande,5057
Yohan Pino,6955
Yohan Ramirez,19444
Yohander Mendez,14391
Yolmer Sanchez,11602
Yonny Chirinos,16401
Yonny Hernandez,19432
Yordano Ventura,11855
Yorkis Perez,1513
Yorman Bazardo,3143
Yoshihisa Hirano,19756
Yoshinobu Yamamoto,33825
Yoshinori Tateyama,11651
Yoslan Herrera,7759
Yosver Zulueta,27765
Yovani Gallardo,8173
Yovanny Lara,1007342
Yu Chang,14773
Yu Darvish,13074
Yuki Matsui,33826
Yunesky Maya,11420
Yunior Marte,14416
Yusei Kikuchi,20633
Yusmeiro Petit,4020
Zac Curtis,16684
Zac Gallen,19291
Zac Grotz,18256
Zac Kristofak,27585
Zac Lowther,20243
Zac Reininger,15285
Zac Rosscup,9419
Zach Braddock,4553
Zach Brzykcy,27783
Zach Clark,9189
Zach Davies,13183
Zach Day,1496
Zach Duke,3840
Zach Eflin,13774
Zach Jackson,8356
Zach Jackson,19493
Zach Kroenke,4383
Zach Lee,11468
Zach Logue,20231
Zach McAllister,2895
Zach McClellan,2965
Zach McKinstry,19392
Zach Miner,3193
Zach Muckenhirn,20209
Zach Neal,11294
Zach Penrod,25368
Zach Phillips,99
Zach Plesac,19979
Zach Pop,20185
Zach Putnam,9080
Zach Stewart,7397
Zach Thompson,16094
Zack Britton,3240
Zack Burdi,19159
Zack Godley,14862
Zack Greinke,1943
Zack Kelly,20349
Zack Littell,15823
Zack Segovia,8742
Zack Short,19562
Zack Thompson,25918
Zack Weiss,15444
Zack Wheeler,10310
Zebby Matthews,31827
Zeke Spruill,3873
