IDfg,Name
1875,Josh Hamilton
1201,Carl Crawford
9368,Evan Longoria
4314,Joey Votto
1177,Albert Pujols
4220,Ryan Zimmerman
1887,Jose Bautista
639,Adrian Beltre
3269,Robinson Cano
1488,Andres Torres
1873,Matt Holliday
9927,Brett Gardner
1744,Miguel Cabrera
3174,Shin-Soo Choo
1849,Rickie Weeks Jr.
4810,Brian McCann
7287,Carlos Gonzalez
1213,Aubrey Huff
1857,Joe Mauer
3531,Troy Tulowitzki
2234,Kelly Johnson
1679,Chase Utley
1327,Jayson Werth
9892,Jay Bruce
5928,Daric Barton
1737,Justin Morneau
2434,Nelson Cruz
2918,Angel Pagan
4251,Stephen Drew
4940,Jason Heyward
1101,Ichiro Suzuki
3442,Dan Uggla
970,Scott Rolen
1908,Adrian Gonzalez
4599,Nick Swisher
6387,Michael Bourn
7007,Yadier Molina
4720,Chase Headley
1935,Kevin Youkilis
8001,Hanley Ramirez
3882,Chris Young
88,Rafael Furcal
9848,Austin Jackson
5133,Alexei Ramirez
9893,Colby Rasmus
1274,Alex Rodriguez
9166,Buster Posey
4747,Curtis Granderson
950,Marlon Byrd
5015,Melvin Upton Jr.
3707,Geovany Soto
3312,Martin Prado
791,Brandon Phillips
7435,Ben Zobrist
3410,Ryan Braun
1326,Vernon Wells
393,Victor Martinez
1176,Placido Polanco
3395,Cliff Pennington
242,Paul Konerko
3787,David Wright
1281,Mark Teixeira
9847,Andrew McCutchen
6195,Ian Kinsler
9328,Drew Stubbs
1135,Yorvit Torrealba
7870,Jonathan Lucroy
2579,Carlos Ruiz
2090,Alex Rios
8370,Dustin Pedroia
731,Torii Hunter
1677,Shane Victorino
409,Jim Thome
4952,Ryan Hanigan
1572,Coco Crisp
1443,Mark Ellis
25,Jose Molina
4616,Russell Martin
319,Adam Dunn
1945,Corey Hart
520,Alex Gonzalez
1307,Orlando Hudson
8433,Ike Davis
719,Casey Blake
6086,Casey McGehee
454,Juan Uribe
3469,Luke Scott
4613,Prince Fielder
4949,Giancarlo Stanton
847,Alfonso Soriano
8252,Hunter Pence
4298,Matt Wieters
8347,Denard Span
443,Juan Pierre
745,David Ortiz
2103,Josh Willingham
1825,David DeJesus
949,Pat Burrell
97,Chipper Jones
5222,Justin Upton
6368,Adam Jones
1638,Miguel Olivo
1736,Jose Reyes
5995,Kevin Kouzmanoff
248,Magglio Ordonez
1153,Jim Edmonds
5930,Nick Markakis
945,Bobby Abreu
1286,Michael Young
3364,Miguel Montero
1624,Freddy Sanchez
1591,Jamey Carroll
2218,Ryan Raburn
1152,J.D. Drew
185,Johnny Damon
211,Will Venable
826,Derek Jeter
971,Jimmy Rollins
1551,David Ross
1564,Jack Cust
3057,Mike Napoli
3255,Franklin Gutierrez
7399,Billy Butler
370,Russell Branyan
6364,Danny Valencia
918,Ramon Hernandez
1760,Cody Ross
3797,J.J. Hardy
6589,Sean Rodriguez
8709,Elvis Andrus
4418,Jed Lowrie
6265,Andre Ethier
1609,Omar Infante
1555,Marco Scutaro
1417,Ramon Santiago
6141,Tony Gwynn
3353,Matt Joyce
1573,Travis Hafner
7539,Neil Walker
470,Brandon Inge
4606,Chris Snyder
2396,Carlos Santana
5310,Tyler Colvin
6035,David Murphy
3361,Gaby Sanchez
4579,Starlin Castro
2578,Peter Bourjos
2140,Delmon Young
2041,John Buck
2151,Edwin Encarnacion
548,Lance Berkman
7619,Mark Reynolds
2411,Jose Tabata
4229,Howie Kendrick
5275,Francisco Cervelli
4191,Yunel Escobar
8610,Kendrys Morales
9682,Adam Rosales
2628,Jason Repko
10,David Eckstein
1659,Hideki Matsui
2495,Pedro Alvarez
4400,Chris Denorfia
1260,Ryan Ludwick
144,Jerry Hairston
96,Andruw Jones
1766,Laynce Nix
525,Derrek Lee
332,Austin Kearns
166,Brian Roberts
3856,Jeff Keppinger
8380,Reid Brignac
746,A.J. Pierzynski
1429,Nick Punto
9700,Casper Wells
7331,Seth Smith
3978,Chris Heisey
1717,Jason Bay
5986,Mike Aviles
580,Gregg Zaun
1738,Jhonny Peralta
1580,Chone Figgins
2216,Don Kelly
8173,Yovani Gallardo
3263,Kosuke Fukudome
2830,Travis Snider
9077,Lorenzo Cain
1617,Lyle Overbay
5887,John Jaso
1178,Edgar Renteria
8219,Jason Bartlett
8259,Kurt Suzuki
6104,Aaron Hill
3209,Julio Borbon
4054,Emilio Bonifacio
6073,Brendan Ryan
1861,Wilson Betemit
210,Manny Ramirez
778,Vladimir Guerrero
514,Ramon Castro
607,Raul Ibanez
5227,Jon Jay
9549,David Freese
5409,Pablo Sandoval
3708,Rajai Davis
2437,Maicer Izturis
4082,Erick Aybar
1757,Dan Haren
9205,Logan Morrison
1191,Chris Johnson
9802,Will Rhymes
4062,Dexter Fowler
2073,Jeff Baker
934,Carlos Pena
3123,Gregor Blanco
5248,Alexi Casilla
3035,Michael Morse
2154,Ryan Howard
10130,Mike Leake
3620,Shelley Duncan
3376,Nick Hundley
9689,Josh Thole
7412,Paul Janish
300,Corey Patterson
6878,Chris Coghlan
3536,Eli Whiteside
4962,Asdrubal Cabrera
1275,Ivan Rodriguez
4704,Donnie Murphy
3664,Brooks Conrad
1399,Jason Michaels
1867,Darnell McDonald
6352,Ryan Sweeney
4556,James Loney
2141,Chris Narveson
6564,Bobby Wilson
6885,Ian Desmond
9015,Gordon Beckham
941,Miguel Tejada
3336,Alberto Callaspo
2179,Ronny Cedeno
1523,Marcus Thames
3086,Mitch Moreland
1538,Ross Gload
1904,Adam LaRoche
5950,Ian Stewart
589,Carlos Beltran
1412,Miguel Cairo
914,Brennan Boesch
7485,Blake DeWitt
8553,Gerardo Parra
6201,Nate Schierholtz
342,Corky Miller
7468,Craig Tatum
98,Ryan Langerhans
766,Orlando Cabrera
3231,Brayan Pena
4885,Nyjer Morgan
1305,Eric Hinske
4087,Aaron Cunningham
395,John McDonald
1142,Rick Ankiel
4866,Jarrod Dyson
9981,Michael Saunders
3867,Kelly Shoppach
5590,Reggie Willits
976,Randy Wolf
3900,Osvaldo Martinez
7436,Brandon Allen
1384,Matt Stairs
173,Scott Cousins
634,Mike Sweeney
7254,Joe Inglett
9219,Danny Espinosa
6441,Lastings Milledge
6962,Ryan Kalish
1433,Wilson Ramos
8585,Yuniesky Betancourt
9331,Jason Donald
1863,Wilson Valdez
198,Danny Worth
5221,Wade LeBlanc
1245,R.A. Dickey
2430,Darwin Barney
4424,Jon Niese
232,Jon Garland
4666,Luke Carlin
4900,Robert Andino
1605,Bill Hall
4677,Ben Francisco
217,Jason Varitek
4693,Fred Lewis
7430,Drew Sutton
1095,Scott Podsednik
843,Juan Rivera
3751,Felix Pie
5588,Mitch Maier
4182,Jonathan Herrera
3777,Felipe Paulino
1554,DeWayne Wise
7365,Matt Tolbert
5223,Cameron Maybin
4881,Carlos Gomez
8392,Daniel Descalso
52,Craig Counsell
1578,Josh Bard
6310,Alcides Escobar
3114,Jose Lopez
513,Luis Castillo
1824,Humberto Quintero
6986,Ian Kennedy
4583,Mike McCoy
2233,Adam Wainwright
3256,Welington Castillo
1953,Raul Valdes
6046,Matt Pagnozzi
141,Jay Gibbons
9957,Steve Pearce
4241,Brad Lincoln
1771,Matt Diaz
795,Brian Schneider
4792,Jeff Francoeur
3790,Jayson Nix
5997,Conor Jackson
1702,Reed Johnson
7476,Alex Avila
19,Adam Kennedy
957,Matt Downs
6827,Justin Maxwell
9884,Travis Wood
7274,Craig Stammen
305,Carlos Zambrano
199,Derek Lowe
2060,Gustavo Chacin
5278,Pedro Ciriaco
3768,Ryan Budde
3390,John Mayberry
7498,Donny Lucy
790,Carl Pavano
4898,Luke Hughes
2034,Carlos Maldonado
890,Jay Payton
3917,Dayan Viciedo
157,Melvin Mora
3455,Greg Smith
1885,Brad Hawpe
1079,Carlos Guillen
45,Rod Barajas
353,Dane Sardinha
6421,Roger Bernadina
2129,Ronny Paulino
1830,Clint Barmes
4675,Tyler Greene
1165,Chris Valaika
8066,Brett Carroll
5199,Taylor Teagarden
1126,Cody Ransom
6432,Tim Stauffer
9417,Kris Medlen
4279,Manny Parra
1620,Nate Robertson
8362,Homer Bailey
755,Johan Santana
921,Tim Hudson
964,Vicente Padilla
8137,Jaime Garcia
769,Bruce Chen
1855,Shawn Camp
1947,Denny Bautista
2168,Taylor Buchholz
3543,Clay Buchholz
5109,Evan Meek
10261,Alexi Ogando
3096,Kenley Jansen
8211,Steven Hill
2766,Jack Taschner
5640,Tyler Clippard
7775,Daisuke Matsuzaka
1507,John Lackey
1837,Matt Belisle
6204,Shaun Marcum
2673,Bobby Scales
7490,Josh Fields
2167,Dan Johnson
3254,Jeff Samardzija
4863,Brent Clevlen
4450,Steve Tolleson
57,Jose Guillen
3371,Alejandro De Aza
7783,Juan Miranda
3206,Luis Hernandez
3409,Jonathan Van Every
6978,Juan Francisco
4707,Kila Ka'aihue
9856,Brandon Snyder
66,Chad Moeller
2231,Mike Jacobs
801,Javier Vazquez
9920,Matt Maloney
3886,Gavin Floyd
8253,Billy Buckner
5715,Jai Miller
4253,Micah Owings
369,Milton Bradley
5557,Jarrod Saltalamacchia
1965,Desmond Jennings
7324,Chris Gimenez
8074,Greg Golson
1449,Esteban German
4906,Alberto Gonzalez
1259,Colby Lewis
3752,Adalberto Mendez
2225,Jason Bourgeois
3893,Eugenio Velez
8851,Brandon Beachy
683,Nelson Figueroa
3892,Josh Reddick
8056,Jeff Frazier
2412,Barry Enright
535,Brad Penny
633,Jeff Suppan
3830,Ricky Nolasco
1841,Edwin Jackson
5524,Madison Bumgarner
2586,Wandy Rodriguez
4535,Randy Wells
1094,Joel Pineiro
9492,Bud Norris
962,Brett Myers
9225,Kenshin Kawakami
5842,Chad Billingsley
2324,J.C. Boscan
6291,George Sherrill
8887,Matt Reynolds
1228,Jorge Sosa
4083,Mark Rogers
4845,Kyle McClellan
6983,Drew Storen
7059,James Shields
9587,Mike McClendon
7927,Eric Sogard
2917,Emmanuel Burriss
7595,Nick Evans
5631,Matt Kemp
4328,Brad Eldred
1002,Aramis Ramirez
7989,Guillermo Quiroz
4793,Travis Ishikawa
7707,Chris Carter
4563,Delwyn Young
828,Nick Johnson
6402,Brent Morel
3203,Andy Marte
1907,Andres Blanco
550,Geoff Blum
411,Omar Vizquel
710,Ben Sheets
8375,Brad Bergesen
8476,Jenrry Mejia
254,Aaron Rowand
1926,Scott Hairston
1844,Aaron Miles
1656,Rocco Baldelli
4390,Scott Moore
49,Kyle Blanks
5718,Brian Bannister
1017,Jack Wilson
337,Jason LaRue
798,Fernando Tatis
3188,Luis Cruz
8722,Jason Castro
6533,Luis Durango
2390,Max St. Pierre
4950,Diory Hernandez
9018,Lars Anderson
7348,J.R. Towles
3411,Drew Butera
1808,Mike Hessman
4730,Jeremy Reed
5559,Jo-Jo Reyes
7016,Hong-Chih Kuo
840,Andy Pettitte
2038,Justin Masterson
6283,Scott Feldman
7554,Jarrett Hoffpauir
9450,John Raynor
3630,Kevin Russo
1703,Dontrelle Willis
6317,Esmil Rogers
6052,Brad Snyder
9134,Tyler Flowers
3685,J.D. Martin
7396,Dillon Gee
7146,Daniel Hudson
404,CC Sabathia
503,Jeff Weaver
982,Kris Benson
4235,Jered Weaver
4505,Jordan Zimmermann
2047,Jorge De La Rosa
1116,Livan Hernandez
978,Bronson Arroyo
3551,Clayton Richard
7178,Konrad Schmidt
5556,Jair Jurrjens
4635,Dave Bush
9334,Mark Hamilton
4685,Ramon Troncoso
1767,Kevin Correia
4684,Jeff Francis
1514,Oliver Perez
2807,Manny Corpas
1051,Jake Peavy
3184,David Price
11420,Yunesky Maya
4403,Erik Kratz
4153,Jake Arrieta
46,Miguel Batista
5909,Pat Misch
3299,Chris Hatcher
219,Tim Wakefield
4930,Jon Lester
3196,Chris Young
4003,Brandon Hicks
1247,Adam Ottavino
8261,Sean Gallagher
6,Jamie Burke
18,Neftali Feliz
33,Scott Schoeneweis
35,Scot Shields
108,Joe Nelson
109,Darren Ford
120,Dan Wheeler
160,John Parrish
177,Rafael Betancourt
206,Darren Oliver
237,Bob Howry
247,Damaso Marte
273,Juan Cruz
278,Kyle Farnsworth
290,Ron Mahay
296,Will Ohman
304,Kerry Wood
317,Elmer Dessens
334,Kanekoa Texeira
367,Danys Baez
402,David Riske
429,Brian Fuentes
430,Mike Hampton
444,Dennys Reyes
494,Fernando Rodney
510,Josh Beckett
512,A.J. Burnett
555,Octavio Dotel
559,Hector Ambriz
563,Brad Lidge
564,Scott Linebrink
578,Billy Wagner
583,Jeremy Affeldt
612,Mike MacDougal
715,Jamey Wright
718,Grant Balfour
729,LaTroy Hawkins
752,Juan Rincon
754,J.C. Romero
757,Brad Thomas
773,Scott Downs
813,Randy Choate
817,Robert Manuel
844,Mariano Rivera
868,Sam Demel
885,Scott Maine
897,Scott Strickland
901,Tyler Walker
910,Justin Duchscherer
979,Joe Beimel
1035,Trevor Hoffman
1076,Ryan Franklin
1089,Gil Meche
1097,Arthur Rhodes
1100,Rafael Soriano
1118,Marco Estrada
1124,Russ Ortiz
1149,Robert Coello
1157,Tommy Hunter
1198,Jesus Colome
1243,Francisco Cordero
1267,Chan Ho Park
1312,Brandon Lyon
1313,Justin Miller
1345,Blake Wood
1368,Andrew Bailey
1437,Joaquin Benoit
1441,Brendan Donnelly
1442,Chad Durbin
1446,Randy Flores
1457,Mike Lincoln
1467,Guillermo Mota
1475,Jon Rauch
1478,Felix Doubront
1525,Sandy Rosario
1574,Mark Hendrickson
1601,Pedro Feliciano
1636,Cliff Lee
1642,Francisco Rodriguez
1646,Brian Tallet
1652,Russ Springer
1660,Jose Contreras
1663,Javier Lopez
1667,Jeremy Bonderman
1669,Wil Ledezma
1672,Trever Miller
1695,Claudio Vargas
1726,Jose Valverde
1751,Aaron Heilman
1772,Rich Harden
1773,Sergio Mitre
1783,Chad Gaudin
1793,Kevin Gregg
1794,Michael Gonzalez
1795,J.J. Putz
1801,Brian Sweeney
1816,Chad Cordero
1848,John Grabow
1852,Ryan Madson
1856,Michael Wuertz
1880,Casey Daigle
1882,Shawn Hill
1886,Sean Burnett
1902,David Aardsma
1906,Jason Frasor
1911,Scott Proctor
1918,Matt Thornton
1929,Brian Bruney
1933,Frank Francisco
1937,Mike Adams
1938,Justin Germano
1973,Justin Berg
1994,Ivan Nova
1995,Tim Byrdak
2027,Saul Rivera
2061,Matt Guerrier
2063,Jose Veras
2072,Jeremy Guthrie
2080,Heath Bell
2105,Fernando Cabrera
2131,Gary Majewski
2155,Alfredo Simon
2159,Boof Bonser
2170,Chad Qualls
2173,Fernando Nieve
2180,Renyel Pinto
2186,Joel Hanrahan
2203,Ronald Belisario
2219,Brian Bass
2227,Ian Snell
2237,Blaine Boyer
2242,Roman Colon
2271,Jay Sborz
2332,Joel Peralta
2362,Randy Williams
2377,Jose Ceda
2385,Anthony Varvaro
2467,Todd Coffey
2548,Dustin Richardson
2568,Enrique Gonzalez
2575,Robinson Tejeda
2642,Scott Atchison
2646,Brian Matusz
2651,Chris Sampson
2660,Brett Cecil
2692,Joba Chamberlain
2717,Rick Porcello
2739,Brian Sanches
2744,Bobby Cramer
2790,Carlos Marmol
2873,Santiago Casilla
2886,Juan Oviedo
3001,Sean Green
3064,Anthony Slama
3107,Doug Slaten
3126,Luis Mendoza
3137,Max Scherzer
3158,Erick Threets
3166,Clayton Mortensen
3180,Manny Delcarmen
3200,Ervin Santana
3201,Francisco Liriano
3241,Josh Roenicke
3245,Ryan Rowland-Smith
3265,Juan Gutierrez
3271,Jordan Walden
3281,Joe Smith
3293,Cedrick Bowers
3316,Alberto Castillo
3321,Darren O'Day
3340,Matt Garza
3344,Mitchell Boggs
3357,Cesar Ramos
3359,Robert Ray
3367,Jeff Stevens
3384,Jensen Lewis
3387,Armando Gabino
3440,Anthony Lerew
3521,Jonathan Albaladejo
3532,Jeff Fulchino
3588,Rommie Lewis
3599,Brian Schlitter
3625,David Pauley
3642,Kyle Davies
3656,Jim Johnson
3688,Jesse Litsch
3731,Brandon League
3775,Tim Wood
3799,Chris Resop
3805,Jess Todd
3833,Chris Seddon
3847,Travis Schlichting
3878,Chris Stewart
3894,Jon Link
3915,Jason Bulger
3926,Casey Fien
3935,Joe Martinez
3944,Doug Mathis
3970,Edward Mujica
4027,Dan Cortes
4064,Brian Duensing
4065,Alex Burnett
4070,Pedro Strop
4078,Rafael Perez
4080,Dan Runzler
4090,Luke Gregerson
4140,Jose Mijares
4141,Derek Holland
4170,Romulo Sanchez
4199,Fu-Te Ni
4204,Enerio Del Rosario
4227,Wilton Lopez
4230,Frank Mata
4257,David Huff
4259,David Hernandez
4264,Mark Melancon
4270,Nick Blackburn
4295,Terry Evans
4300,Matt Albers
4346,Lance Cormier
4350,Royce Ring
4359,Kyle Drabek
4363,Craig Breslow
4371,Jeremy Hellickson
4383,Zach Kroenke
4391,Jesse Carlson
4393,Sean West
4402,Dan Meyer
4420,Brad Mills
4422,Kameron Loe
4426,Dustin Nippert
4440,Michael Bowden
4454,Jesse English
4457,Matt Palmer
4534,Ross Wolf
4544,Chris Smith
4552,Daniel Herrera
4553,Zach Braddock
4573,Tony Pena
4591,Tobi Stoner
4593,Clay Hensley
4604,Matt Lindstrom
4620,Joe Thatcher
4640,Jason Bergmann
4656,Hunter Jones
4682,Pat Neshek
4699,Joel Zumaya
4734,Sergio Santos
4759,Jonathan Broxton
4771,Scott Mathieson
4772,Felix Hernandez
4782,Vinnie Pestano
4788,Matt Capps
4806,Rich Hill
4817,Jesse Crain
4830,Edwar Ramirez
4831,Clay Rapada
4891,Peter Moylan
4893,Hayden Penn
4911,Brad Thompson
4971,Fernando Salas
4994,Fernando Abad
5032,Dale Thayer
5066,Bryan Bullington
5088,Franklin Morales
5099,Rick VandenHurk
5100,Rob Delaney
5106,Guillermo Moscoso
5127,Sammy Gervacio
5158,Victor Marte
5164,Alfredo Aceves
5178,Ernesto Frieri
5213,Chris Perez
5279,Chris Tillman
5280,Esmerling Vasquez
5284,Esmailin Caridad
5285,Samuel Deduno
5360,Henry Villar
5380,Luis Perdomo
5448,Jesse Chavez
5508,Dana Eveland
5525,Boone Logan
5535,Phil Coke
5551,Matt Harrison
5564,Sean White
5570,Josh Banks
5576,Evan MacLane
5579,Mitch Stetter
5618,Leo Rosales
5673,Jason Berken
5746,Eric O'Flaherty
5830,Jhan Marinez
5861,Jason Motte
5890,Eddie Bonine
5971,Pedro Viola
5975,Jonathan Papelbon
6021,Takashi Saito
6068,Matt Chico
6113,James Houser
6140,Justin James
6164,Dusty Hughes
6248,Aaron Laffey
6315,Chris Ray
6329,John Danks
6371,Henry Rodriguez
6417,Rafael Rodriguez
6422,Rich Thompson
6428,Jeremy Accardo
6435,Vance Worley
6475,Kevin Jepsen
6483,Steve Cishek
6580,Waldis Joaquin
6612,Marc Rzepczynski
6632,Carlos Carrasco
6655,Craig Kimbrel
6688,Francisco Rodriguez
6865,Jeff Manship
6869,Marcos Mateo
6883,Collin Balester
6941,Joakim Soria
6943,Luke Hochevar
6947,Kevin Mulvey
6950,Bobby Cassevah
7019,Merkin Valdez
7060,Dustin Moseley
7074,Trevor Bell
7115,Daniel Bard
7175,Jonny Venters
7196,Greg Holland
7206,Josh Rupe
7267,Nick Masset
7293,Brad Ziegler
7320,Matt Fox
7334,Adam Russell
7335,Garrett Mock
7341,Steven Jackson
7355,Casey Janssen
7370,Joe Bisenius
7416,Mark Lowe
7441,Wade Davis
7450,Phil Hughes
7456,Jeff Marquez
7474,Ryan Webb
7488,Mike Ekstrom
7489,Scott Elbert
7529,Luke French
7541,Lucas Harrell
7550,Jake McGee
7613,Cla Meredith
7624,Carlos Torres
7645,Chris Leroux
7667,Andy Sonnanstine
7718,Jeff Gray
7763,Hideki Okajima
7773,Shawn Kelley
7831,Chris Jakubauskas
7841,Jerry Blevins
7872,Tyson Ross
7952,Matt Daley
7960,Frank Herrmann
7986,Ramon Ramirez
8041,Glen Perkins
8099,Dallas Braden
8223,Brett Anderson
8241,David Robertson
8249,Taylor Tankersley
8258,Huston Street
8280,Tony Sipp
8346,Jared Burton
8360,David Purcey
8368,Troy Patton
8369,Mitch Atkins
8404,Alfredo Figaro
8432,Jordan Norberto
8479,Robbie Weinhardt
8505,Michael Kohn
8529,Carlos Rosa
8538,Bill Bray
8574,Edgmer Escalona
8586,Philip Humber
8604,Brandon Medders
8645,Bobby Jenks
8653,Brian Stokes
8725,Manny Acosta
8739,Daniel Schlereth
8782,Andrew Cashner
8799,Ryan Perry
8844,Antonio Bastardo
9033,Jeanmar Gomez
9059,John Axford
9119,Gregory Infante
9137,Sean O'Sullivan
9227,Koji Uehara
9264,David Herndon
9346,Brandon Morrow
9364,Brett Sinkbeil
9388,Josh Tomlin
9404,Daniel Stange
9425,Doug Fister
9490,Jeremy Jeffress
9494,Jay Buente
9513,Kam Mickolio
9515,Jordan Smith
9533,Andrew Carpenter
9683,Mike Zagurski
9736,Burke Badenhop
9817,Sergio Romo
9823,Brad Kilby
9877,Michael Kirkman
9889,Garrett Olson
9910,Justin Thomas
9918,Kevin Slowey
9926,Bobby Parnell
9939,Brandon Kintzler
9948,Mike Dunn
10232,Ryota Igarashi
10233,Aroldis Chapman
10257,Andrew Oliver
10259,Omar Beltre
10603,Chris Sale
818,Jason Giambi
1534,Michael Cuddyer
15,Troy Glaus
3433,Allen Craig
3310,Trent Oeltjen
8267,Chris Iannetta
5506,George Kottaras
1419,Hank Blalock
9871,Bryan Anderson
1311,Felipe Lopez
9698,Rusty Ryal
1846,Matt Watson
1888,Chad Tracy
677,Ronnie Belliard
8361,Landon Powell
653,Mark Grudzielanek
5305,Alex Presley
1696,Jody Gerut
2265,Matt Treanor
3420,Dusty Brown
4121,Jordan Brown
3388,Chris Getz
5653,Ryan Roberts
2102,Josh Wilson
4034,Mat Gamel
2369,Lance Zawadzki
1556,Wil Nieves
3726,Jose Morales
9955,Rhyne Hughes
7095,Chris Dickerson
153,Gary Matthews Jr.
2032,Paul Phillips
1329,Chris Woodward
4409,Paul McAnulty
5311,Chad Huffman
7419,Mike Nickeas
1571,Aaron Cook
6617,Greg Halman
4972,Cole Hamels
7507,Jonathan Sanchez
3425,Brian Burres
105,Jason Marquis
3815,Mat Latos
7080,John Lannan
1451,Aaron Harang
8270,Casey Coleman
412,Jake Westbrook
3990,Edinson Volquez
4664,Sam LeCure
1091,Jamie Moyer
973,Carlos Silva
8268,Ross Ohlendorf
263,Daniel McCutchen
4366,Joe Saunders
480,Brian Moehler
1709,Todd Wellemeyer
5523,James McDonald
2506,Carlos Monasterios
3545,Charlie Haeger
8025,Thomas Diamond
9557,P.J. Walters
10021,Mike Minor
27,Ramon Ortiz
106,Kevin Millwood
225,Mark Buehrle
1077,Freddy Garcia
1666,D.J. Carrasco
1943,Zack Greinke
1984,Cory Luebke
2859,Ross Detwiler
3085,Brian Esposito
3273,Roberto Hernandez
3403,Ricky Romero
3534,Brian Bocock
3580,C.J. Wilson
3677,Logan Ondrusek
4089,James Russell
4138,Carlos Villanueva
4222,Armando Galarraga
4897,Scott Kazmir
4961,Mitch Talbot
5063,Niuman Romero
5231,Vin Mazzaro
5337,Cristhian Martinez
5905,Sean Marshall
5960,Wesley Wright
6176,Scott Baker
6249,Trevor Cahill
6485,Brian Wilson
6785,Andrew Miller
7448,Gio Gonzalez
8044,Jason Vargas
8591,Jeff Niemann
8700,Justin Verlander
9013,Cesar Valdez
9832,Carlos Fisher
1845,Jonny Gomes
1070,Mike Cameron
1491,Ty Wigginton
2714,Garrett Jones
5450,Daniel Nava
6848,Eduardo Nunez
236,Willie Harris
1212,Paul Hoover
8434,Brett Wallace
2505,Hank Conger
546,Brad Ausmus
2448,Jesus Feliciano
2197,Grady Sizemore
4748,Matt Carson
4719,Brian Bogusevic
697,J.P. Arencibia
3179,Dioner Navarro
1643,Michael Ryan
8841,Ramiro Pena
1876,Willy Taveras
5361,Freddie Freeman
2621,Ryan Rohlinger
4727,Jacoby Ellsbury
2530,Yonder Alonso
8051,Matt Mangini
4429,Brian Barden
9571,Craig Gentry
9210,Fernando Martinez
8254,Sam Fuld
739,Kyle Lohse
1502,Nick Green
5198,Chin-lung Hu
1405,Cory Aldridge
3868,Oswaldo Navarro
1292,Chris Carpenter
2861,Gustavo Molina
4849,Joe Blanton
6230,Kyle Kendrick
3284,Anibal Sanchez
5203,Mike Pelfrey
944,Barry Zito
6244,Tom Gorzelanny
2279,John Lindsey
4464,Mike Baxter
6876,Mark Trumbo
1159,Andrew Romine
6132,John Ely
493,Mike Rivera
4529,Scott Olsen
5350,Alex Sanabia
10091,Hisanori Takahashi
9628,Michael McKenry
1701,Chris Capuano
10131,Stephen Strasburg
1244,Doug Davis
4443,Ryan Shealy
4773,John Maine
8963,Blake Hawksworth
6274,Carlos Quentin
3912,Mike Fontenot
9072,Eric Patterson
2502,Lucas Duda
4293,Brett Hayes
2192,Willy Aybar
495,Oscar Salazar
8276,John Bowker
8250,Brad Davis
2881,Scott Sizemore
3501,Brent Lillibridge
2106,Ryan Church
4652,Jeff Clement
5963,Xavier Paul
4756,John Baker
5519,Ruben Tejada
6403,Argenis Diaz
81,Henry Blanco
8155,Everth Cabrera
3366,Anderson Hernandez
656,Cesar Izturis
2331,Eliezer Alfonzo
7480,Mike Carp
3448,Jeff Mathis
5038,Josh Donaldson
297,Augie Ojeda
1430,Adam Everett
2761,Randy Ruiz
4712,Ben Revere
1241,Frank Catalanotto
4467,Brandon Moss
1303,Roy Halladay
517,Ryan Dempster
1261,Kevin Mench
5705,Tim Lincecum
4732,Matt Cain
6893,Johnny Cueto
8678,Paul Maholm
3840,Zach Duke
5879,Jeff Karstens
8021,Brandon Boggs
3802,Luis Atilano
4676,Charlie Morton
7410,J.A. Happ
3568,Adam Stern
5039,Max Ramirez
5677,A.J. Ellis
9054,Justin Smoak
5888,Cole Gillespie
728,Cristian Guzman
8175,Chris Nelson
3909,Nick Stavinoha
7158,Eric Young Jr.
4646,Travis Buck
1874,Hector Luna
1258,Mike Lamb
7462,Trevor Plouffe
5848,Russ Mitchell
5633,Lucas May
4538,Jason Hammel
5235,Justin Turner
9129,Tommy Hanson
9901,Chris Volstad
4567,Josh Johnson
2608,Jhoulys Chacin
833,Ted Lilly
841,Jorge Posada
432,Todd Helton
2521,Jorge Cantu
527,Mike Lowell
3811,Ryan Theriot
4106,Michael Brantley
2184,Gabe Gross
3817,Joaquin Arias
1818,Bobby Crosby
565,Julio Lugo
5128,Jeff Larish
6288,Colin Curtis
2510,Josh Bell
1940,Cory Sullivan
4342,Micah Hoffpauir
905,Eric Byrnes
571,Roy Oswalt
3374,Ubaldo Jimenez
150,Rodrigo Lopez
8027,Adam Lind
5209,Alex Gordon
3704,Skip Schumaker
94,Wes Helms
3402,Trevor Crowe
7528,Kevin Frandsen
1256,Gabe Kapler
1386,Alex Cora
1392,Mark DeRosa
1779,Robb Quinlan
6319,Ryan Garko
2567,Bryan Petersen
2036,Clayton Kershaw
3283,Hiroki Kuroda
2161,Jason Kubel
1066,Willie Bloomquist
2280,Matt LaPorta
1658,Xavier Nady
3492,Angel Sanchez
3154,Domonic Brown
3441,Nolan Reimold
906,Eric Chavez
9272,Chris Davis
6444,Andy LaRoche
3714,Joe Mather
538,Mike Redmond
1854,Kaz Matsui
2923,Lou Montanez
6267,Jake Fox
9911,Chris Carter
8272,Matt Tuiasosopo
3789,Tommy Manzella
5665,Yamaico Navarro
4521,Ryan Spilborghs
4511,Mark Teahen
1235,Randy Winn
7208,Jeremy Hermida
327,Ken Griffey Jr.
2178,Brendan Harris
8358,Jason Jaramillo
877,John Hester
993,Jason Kendall
2158,Greg Dobbs
24,Bengie Molina
5053,Tony Abreu
1593,Kevin Cash
1042,Mark Kotsay
1790,Garrett Atkins
7610,Lou Marson
8029,Rob Johnson
4969,Luis Valbuena
2,Garret Anderson
315,Juan Castro
3190,Nate McLouth
4022,Melky Cabrera
1829,Koyie Hill
243,Carlos Lee
1930,Casey Kotchman
6592,Brandon Wood
9362,Adam Moore
7781,Akinori Iwamura
2113,Ryan Doumit
1698,Gerald Laird
1112,Pedro Feliz
10099,Dustin Ackley
5247,Brett Lawrie
4316,Daniel Murphy
3692,Jack Hannahan
3118,Jesus Guzman
2498,Jemile Weeks
768,Endy Chavez
4964,Tony Campana
2554,Chris Parmelee
6184,J.D. Martinez
3516,Eric Hosmer
9776,Jason Kipnis
8202,Josh Harrison
2616,Zack Cozart
9218,Paul Goldschmidt
3711,Eric Thames
4016,Jerry Sands
785,Todd Frazier
6003,Jose Constanza
7571,Lonnie Chisenhall
4611,Jason Pridie
10155,Mike Trout
4006,Justin Sellers
5834,Brett Pill
10264,Brandon Belt
9785,Kyle Seager
8203,Dee Strange-Gordon
5514,Jesus Montero
7304,Salvador Perez
9883,Jordan Schafer
3240,Zack Britton
5481,Jimmy Paredes
7620,Justin Ruggiano
7250,Collin Cowgill
4751,Elliot Johnson
5343,Brandon Crawford
7185,Logan Forsythe
4740,Kyle Phillips
1011,Ryan Vogelsong
5411,Alex Liddi
8002,Wilin Rosario
4892,Mike Moustakas
2802,Tony Cruz
9048,Ezequiel Carrera
6898,Dave Sappelt
2636,Brandon Guyer
3972,Andy Parrino
5587,Carlos Corporan
4338,Tyler Chatwood
5462,Bryan LaHair
7608,Tommy Milone
8879,Ryan Lavarnway
6453,Andy Dirks
6677,JB Shuck
5417,Jose Altuve
8145,Eric Fryer
596,Jeremy Horst
936,Bryan Augenstein
4913,Jarrod Parker
8011,Eric Stults
6979,Brandon Dickson
209,Antoan Richardson
2070,Gil Velazquez
11846,Leonys Martin
7937,Logan Schafer
9009,Conor Gillaspie
2829,Manny Pina
9147,Taylor Green
2539,Pete Kozma
4166,Jesus Flores
3862,Rubby de la Rosa
999,Aaron Thompson
3219,Josh Stinson
3913,Joey Gathright
7407,Javy Guerra
4722,Jose Arredondo
7995,Adron Chambers
9542,Steve Clevenger
1915,Val Pascucci
8265,Russ Canzler
5812,Blake Davis
3814,Brian Dinkelman
8297,Justin Christian
6262,Tommy Field
9854,Efren Navarro
6153,Eduardo Escobar
4063,Anthony Recker
616,Cole Garner
2374,Brian Gordon
9480,Cole Kimball
8609,Tim Federowicz
5202,Vinny Rottino
7851,Chris Schwinden
126,Erik Bedard
5372,Michael Pineda
11426,Drew Pomeranz
4243,Jose Lobaton
7312,Josh Collmenter
2540,Eric Surkamp
6936,Henry Sosa
7593,Jordan Lyles
8779,Wade Miley
9132,Nathan Eovaldi
7307,Jeremy Moore
2520,Lance Lynn
36,Xavier Cedeno
99,Zach Phillips
110,Horacio Ramirez
338,Blake Beavan
375,Bartolo Colon
521,Jason Grilli
917,Alan Johnson
1056,Brett Tomko
1062,Ryan Tucker
1122,Joe Nathan
1137,Jerome Williams
1158,Jason Isringhausen
1330,Pedro Beato
1351,Nick Hagadone
1370,Charlie Furbush
1650,Luis Ayala
1727,Edgar Gonzalez
1890,Matt Moore
1975,Josh Judy
2010,Buddy Carlyle
2066,Eric Farris
2078,Willie Eyre
2150,Yhency Brazoban
2185,Steve Edlefsen
2267,Brandon Gomes
2365,Andrew Brackman
2429,Corey Kluber
2431,Andrew Carignan
2468,Mark DiFelice
2534,Mason Tobin
2557,Juan Perez
2565,Joe Paterson
2746,Joel Carreno
2835,Joe Savery
2857,John Gaub
2858,Daniel Moskos
2895,Zach McAllister
2966,Eduardo Sanchez
3044,Bruce Billings
3124,Duane Below
3128,Graham Godfrey
3132,Tony Watson
3164,Tim Collins
3217,Jose Valdez
3282,Nate Adcock
3292,Hector Noesi
3332,Jairo Asencio
3462,Kevin Whelan
3542,Danny Duffy
3548,Liam Hendriks
3638,Josh Kinney
3646,Trystan Magnuson
3732,Everett Teaford
3762,Cesar Jimenez
3773,Brian Broderick
3870,Chris Pettit
3881,Shane Lindsay
3920,Frankie de la Cruz
3951,Jose Ascanio
3959,David Carpenter
4026,Hector Santiago
4079,Junichi Tazawa
4185,Rafael Dolis
4214,Lance Pendleton
4307,Scott Richmond
4662,Brandon McCarthy
4886,Chuck James
4955,Justin De Fratus
5089,Scott Diamond
5180,Brayan Villarreal
5329,Mark Hamburger
5332,Atahualpa Severino
5436,Amauri Sanit
5498,Arodys Vizcaino
5518,Tim Dillard
5529,Maikel Cleto
5669,Henderson Alvarez
5722,Josh Lueke
5841,Fautino De Los Santos
6007,Jim Hoey
6033,Kelvin Herrera
6216,Dellin Betances
6306,Juan Abreu
6324,Al Alburquerque
6389,Luis Perez
6457,Mike O'Connor
6550,Michael Stutes
6562,Alex Cobb
6577,Anthony Vasquez
6603,Daryl Thompson
6627,Brad Brach
6887,Martin Maldonado
7038,Alex Torres
7122,Sergio Escalona
7169,Ryan Mattheus
7397,Zach Stewart
7458,Jim Miller
7466,Anthony Swarzak
7513,Kyle Waldrop
7525,Evan Scribner
7542,Tommy Hottovy
7558,Fernando Rodriguez
7570,Cory Wade
7641,Chad Reineke
7754,Mike Fiers
7874,Kyle Weiland
7882,Josh Lindblom
7947,Cory Gearrin
8045,Mark Worrell
8103,Michael Schwimer
8110,Bryan Shaw
8162,Neil Wagner
8245,J.P. Howell
8421,Adam Wilk
8501,Danny Farquhar
8556,Chris Carpenter
8598,Phil Dumatrait
8600,Dustin McGowan
8651,Luis Marte
8743,Eric Hacker
8796,Elih Villanueva
8855,Ryan Cook
9080,Zach Putnam
9095,Cody Eppley
9133,Erik Hamren
9167,Lester Oliveros
9258,Chad Beck
9303,Dylan Axelrod
9325,Jared Hughes
9337,Mike Crotta
9486,George Kontos
9720,Louis Coleman
9784,Garrett Richards
9794,Rex Brothers
9862,Joey Devine
9869,Steve Garrison
9975,Tom Wilhelmsen
10095,Dane de la Rosa
10149,Aaron Crow
10185,Jacob Turner
10586,Addison Reed
11260,Josh Spence
11651,Yoshinori Tateyama
11745,Chance Ruffin
11827,Steve Delabar
2264,Hector Gomez
7752,David Cooper
2833,Cedric Hunter
2364,Luis Rodriguez
1021,Sean Burroughs
2134,Adam Loewen
8136,Matt Angle
9874,DJ LeMahieu
673,Joe Thurston
6788,Josh Satin
8989,Matt Young
5476,Brandon Laird
8385,Pedro Florimon
3648,Rene Rivera
3837,Andrew Brown
8090,Matt Carpenter
7731,Juan Nicasio
5716,Josh Rodriguez
2172,Hector Gimenez
5712,Greg Reynolds
9111,Brad Hand
10054,Alex White
2074,Chien-Ming Wang
1686,Robby Hammock
2650,Corey Brown
2929,Jeff Locke
4004,Josh Outman
5401,Brad Peacock
5985,Randall Delgado
6026,Nate Spears
6461,Jamie Hoffmann
6797,Julio Teheran
7316,Darin Mastroianni
7471,Wyatt Toregas
7982,Anthony Bass
8948,Aneury Rodriguez
10231,Jose Iglesias
344,Wily Mo Pena
6740,Johnny Giavotella
10289,Hector Sanchez
5219,Wilkin Ramirez
2845,Joe Benson
8760,Carlos Peguero
8055,Brian Bixler
2748,Pete Orr
3583,Omir Santos
5422,Steve Lombardozzi
2020,Brad Emaus
5491,Austin Romine
8517,Jerad Head
2194,Dallas McPherson
6335,Omar Quintanilla
2011,Robinson Cancel
4249,Shane Robinson
4903,Matt Dominguez
2591,Michael Taylor
5666,Devin Mesoraco
7358,Michael Martinez
8810,Blake Tekotte
3472,Steve Holm
2677,Jordan Pacheco
2481,Luis Martinez
3806,Mike Wilson
6343,Ryan Adams
9060,James Darnell
6652,Chase d'Arnaud
9886,Ivan De Jesus
3658,Kyle Hudson
3142,Robinson Chirinos
3473,Anthony Rizzo
1,Alfredo Amezaga
7099,Rene Tosoni
7859,Charlie Blackmon
2852,Chris Marrero
9063,Alexi Amarista
808,Erick Almonte
9875,Trayvon Robinson
8631,Cord Phelps
11531,Tsuyoshi Nishioka
11579,Bryce Harper
13110,Yoenis Cespedes
11368,Yasmani Grandal
13075,Nori Aoki
7002,Will Middlebrooks
10847,Andrelton Simmons
11493,Manny Machado
8623,Donovan Solano
9414,Quintin Berry
11205,Adam Eaton
7244,Tyler Moore
11167,Josh Rutledge
6867,Derek Norris
5097,Anthony Gose
6165,Irving Falu
6400,Kirk Nieuwenhuis
9929,Darin Ruf
7515,Jhonatan Solano
10655,Rob Brantly
6609,Freddy Galvis
11713,Matt Harvey
5273,Sandy Leon
5098,Jordany Valdespin
6870,Eddy Rodriguez
9241,Starling Marte
9632,Brett Jackson
6547,Jordy Mercer
193,Carlos Triunfel
10197,Shelby Miller
10323,Rafael Ortega
6968,Denis Phipps
8077,Stephen Fife
5432,Elian Herrera
6109,Joe Wieland
1724,Lew Ford
6012,Didi Gregorius
9895,Chris Rusin
10299,Eury Perez
8536,Tyler Cloyd
5496,Francisco Peguero
447,Melky Mesa
5751,Hernan Perez
9256,A.J. Pollock
5760,Avisail Garcia
2882,Luis Avilan
7183,B.J. Rosenberg
13074,Yu Darvish
5306,Kristopher Negron
10815,Jurickson Profar
10688,Tyler Thornburg
11287,Bryan Holaday
629,Brandon Barnes
9286,Rob Scahill
3373,Clete Thomas
9174,Casey Kelly
10061,Brooks Raley
9761,Joe Kelly
1989,Jeremy Hefner
7738,Wily Peralta
11423,Jose Quintana
1012,Kip Wells
5009,Kyle McPherson
341,Leyson Septimo
509,Tyson Brummett
711,Rhiner Cruz
1353,Brian Omogrosso
1581,Sean Doolittle
1613,Shane Loux
1838,Vinnie Chulk
2209,Justin Hampson
2247,Elvin Ramirez
2570,Robert Carson
3192,Will Harris
3220,Jean Machi
3223,Tyler Robertson
3234,Travis Blackley
3941,Alex Hinshaw
4020,Yusmeiro Petit
4053,Steve Johnson
4067,Christian Garcia
4301,Justin Wilson
4436,Josh Wall
4578,Pedro Hernandez
4608,Bobby Korecky
4647,Adam Greenberg
4696,Nate Jones
4721,Mickey Storey
4741,Donnie Veal
5003,Jake Diekman
5114,Jeurys Familia
5224,Blake Parker
5257,Wilmer Font
5261,Casey Crosby
5354,D.J. Mitchell
5362,Phillippe Aumont
5903,Darin Downs
5980,Francisley Bueno
6316,David Phelps
6382,Stuart Pomeranz
6397,Jake Odorizzi
6570,Tom Koehler
6616,Pedro Figueroa
6620,Cory Burns
6653,Jim Henderson
6656,L.J. Hoes
6697,Miguel Socolovich
6736,Luke Putkonen
6819,Robbie Ross Jr.
6832,Sam Freeman
6902,Martin Perez
7024,Miguel Gonzalez
7249,Evan Crawford
7371,Deunte Heath
7385,Dan Otero
7487,Jack Egbert
7501,Tommy Layne
7531,Collin McHugh
7555,Nick Vincent
7896,Andrew Taylor
7978,Chuckie Fick
8036,Thad Weber
8048,Will Smith
8073,Dan Jennings
8201,Cole DeVries
8337,Lucas Luetge
8350,AJ Ramos
8352,Alberto Cabrera
8402,Steve Geltz
8504,Jeff Beliveau
8718,Scott Barnes
9029,Adam Warren
9037,J.J. Hoover
9096,Jaye Chapman
9154,Ryan Verdugo
9211,Edwar Cabrera
9244,David Carpenter
9356,Barret Browning
9460,Dan Straily
9651,Jose Ortega
9803,Miles Mikolas
9904,Pedro Villarreal
9943,Todd Redmond
10133,Brad Boxberger
10234,Bryan Morris
10267,Tanner Scheppers
10314,Erasmo Ramirez
10326,Chad Jenkins
10343,Aaron Loup
10481,Shawn Tolleson
10663,Stephen Pryor
10732,Drew Hutchison
10745,Trevor Rosenthal
10796,Josh Edgin
11132,A.J. Griffin
11562,Lendy Castillo
11710,Sam Dyson
11720,Justin Grimm
11760,Drew Smyly
12183,Cody Allen
12530,Nick Maronde
12555,Tony Cingrani
12803,Carter Capps
12917,Dylan Bundy
13048,Hisashi Iwakuma
13071,Wei-Yin Chen
13398,Paco Rodriguez
5735,Edwin Maysonet
8471,Xavier Avery
10459,Adeiny Hechavarria
9627,Yan Gomes
7983,Henry Rodriguez
9958,Jeff Bianchi
4146,Gorkys Hernandez
9187,Jordan Danks
3734,Che-Hsuan Lin
11200,Kole Calhoun
113,Steven Lerud
9323,Patrick Corbin
7942,Christian Friedrich
9434,Dallas Keuchel
11783,Andrew Werner
6220,Tyler Graham
6345,Chris Archer
6635,Kevin Mattison
6908,Clint Robinson
8179,Joe Mahoney
8848,Ali Solis
10190,Tyler Skaggs
12703,Trevor Bauer
5342,Mauro Gomez
9345,Brock Holt
9235,Juan Diaz
7215,David Lough
7223,Alex Castellanos
1718,Ray Olmedo
7772,Matt Hague
4365,Scott Van Slyke
6596,Ryan Jackson
3735,Zach Lutz
9393,Matt Adams
6050,Moises Sierra
5933,Jean Segura
9514,Adrian Cardenas
9461,Thomas Neal
13047,Munenori Kawasaki
3298,Charlie Culberson
1883,Rich Thompson
4398,Luis Exposito
2602,Luis Jimenez
9312,Ryan Wheeler
9810,Brian Dozier
8039,Erik Komatsu
9284,Chris Herrmann
3533,Mike Costanzo
7888,Ryan Flaherty
7290,Jake Elmore
10698,Mike Olt
9246,Blake Lalli
5000,Stephen Vogt
5497,Marwin Gonzalez
6777,Tyler Pastornicky
9373,Matt McBride
4623,Josh Vitters
14225,Yasiel Puig
10816,Jedd Gyorko
10047,Wil Myers
5384,Juan Lagares
11003,Evan Gattis
12775,Brad Miller
10339,Scooter Gennett
11477,Christian Yelich
9777,Nolan Arenado
10324,Marcell Ozuna
10166,Nick Franklin
9112,Khris Davis
5371,Juan Perez
7532,Ed Lucas
4672,Junior Lake
12861,Anthony Rendon
13265,Mike Zunino
6806,Josmil Pinto
5002,Caleb Gindl
10762,Corey Dickerson
10542,Derek Dietrich
10199,Billy Hamilton
11147,Tommy Medica
14444,Hyun-Jin Ryu
11997,Cody Asche
4518,Doug Bernier
5297,Aaron Hicks
11530,Jose Fernandez
7739,Travis d'Arnaud
7226,Matt Davidson
5254,Robbie Grossman
6178,Tony Sanchez
6341,Luis Jimenez
10622,Zach Walters
7799,Joey Butler
13510,Jose Ramirez
10030,Chris Owings
8418,Ehire Adrianza
12533,Marcus Semien
8753,Tanner Roark
7949,Tim Beckham
12027,Brian Flynn
11146,Cameron Rupp
10306,Oswaldo Arcia
12161,Xander Bogaerts
3193,Zach Miner
2784,Derrick Robinson
9807,Ryan Goins
13125,Gerrit Cole
10346,John Ryan Murphy
11265,Jonathan Schoop
10953,Phil Gosselin
5486,Abraham Almonte
5386,Andrew Lambo
10059,Max Stassi
11376,Michael Choice
5503,Corban Joseph
7168,Juan Centeno
3443,Chris Robinson
11385,Matt den Dekker
5358,Jose Alvarez
11828,James Paxton
11618,Mike Kickham
5942,Jesus Sucre
7765,Jermaine Curtis
12235,Seth Maness
11334,Tyler Lyons
10310,Zack Wheeler
7106,Jonathan Pettibone
12784,Burch Smith
10466,Taylor Jordan
14078,Michael Wacha
8728,Donovan Hand
9412,Hiram Burgos
11133,John Gast
787,Jose De La Torre
792,Duke Welker
886,Kris Johnson
1333,Curtis Partch
1349,Evan Reed
1797,Neal Cotts
1842,Chris Bootcheck
2147,Sean Henn
2162,Freddy Guzman
2391,Hector Rondon
2413,Cory Rasmus
2743,Scott Rice
2868,Drake Britton
3237,T.J. McFarland
3507,Andre Rienzo
3855,Brett Oberholtzer
3873,Zeke Spruill
3993,Allen Webster
4001,Enny Romero
4055,Eury De la Rosa
4776,Matt Shoemaker
4878,Brandon Maurer
5070,Josh Fields
5177,C.C. Lee
5364,Brett Marshall
5397,Jorge De Leon
5440,Chia-Jen Lo
5615,Ryan Brasier
5766,Bruce Rondon
5867,Danny Salazar
5876,Gonzalez Germen
6166,Logan Kensing
6282,Greg Burke
6399,Jose Cisnero
6415,Stolmy Pimentel
6491,Donnie Joseph
6527,Josh Zeid
6661,Alex Colome
6741,Cesar Cabral
6781,Shairon Martis
6984,Luis Garcia
7005,Ryan Pressly
7161,Chris Withrow
7303,Preston Guilmet
7560,Colt Hynes
7568,Justin Freeman
7725,David Holmberg
7758,Bobby LaFromboise
7853,Andrew Albers
7955,Joe Ortiz
8037,Paul Clemens
8130,Matt Langwell
8180,Kevin Siegrist
8185,Steven Wright
8302,JC Ramirez
8422,Erik Davis
8490,Buddy Boshers
8532,Rob Wooten
8893,David Martinez
8895,Mauricio Robles
8992,Arquimedes Caminero
9124,Charlie Leesman
9155,Charles Brewer
9176,Audry Perez
9189,Zach Clark
9195,Vic Black
9239,Alex Wilson
9243,Simon Castro
9324,Michael Belfiore
9385,Ryan Reid
9419,Zac Rosscup
9489,Phil Irwin
9615,Steven Ames
9654,Michael Blazek
9674,Vidal Nuno
9866,Chaz Roe
10028,Christian Bethancourt
10045,Chris Dwyer
10066,Ian Krol
10078,Caleb Thielbar
10080,Keith Butler
10123,Kyle Gibson
10174,Edgar Olmos
10304,Jarred Cosart
10315,Michael Tonkin
10332,Nick Christiani
10498,Yoervis Medina
10500,Preston Claiborne
10534,Jake Petricka
10547,Jimmy Nelson
10558,Daniel Webb
10803,Jake Dunning
11038,Kevin Kiermaier
11240,Kevin Chapman
11341,Sean Nolin
11428,Brandon Workman
11571,Jose Dominguez
11632,Heath Hembree
11682,Carlos Martinez
11716,Nick Tepesch
11836,Taijuan Walker
11855,Yordano Ventura
12520,Erik Johnson
12768,Sonny Gray
13674,Onelki Garcia
13736,Michael Roth
14107,Kevin Gausman
14443,Kyuji Fujikawa
14445,Chang-Yong Lim
6582,Nate Freiman
9853,Sean Halton
10053,Grant Green
13051,Chris Colabello
14448,Kensuke Tanaka
6448,Jim Adduci
9591,Jeff Kobernus
10154,Donald Lutz
11737,Nick Castellanos
4918,Engel Beltre
5827,Wilmer Flores
7389,David Adams
9308,Josh Phegley
4875,Logan Watkins
10822,Todd Cunningham
10416,Wilfredo Tovar
6746,Josh Prince
4049,Miguel Gonzalez
7423,Shane Peterson
10329,Rey Fuentes
2783,Johnny Monell
5298,Kyle Skipworth
10354,Robbie Erlin
11366,Brandon Cumpton
3877,Ethan Martin
3950,Matt Magill
4142,Jonathan Diaz
9442,Brandon Bantz
9756,David Hale
10065,Johnny Hellweg
12638,Nathan Karns
7577,Marc Krauss
12984,Jackie Bradley Jr.
6601,Luke Montz
12434,Kevin Pillar
10593,Joey Terdoslavich
6732,Zoilo Almonte
6880,Nick Noonan
11339,Jake Marisnick
8587,Steve Susdorf
6835,Nick Buss
10587,Chad Bettis
14441,Henry Urrutia
5225,Roger Kieschnick
7945,Jaff Decker
12532,Kolten Wong
6019,Cody Clark
5663,Neftali Soto
13781,Alex Wood
10071,Jonathan Villar
5212,Alfredo Marte
5277,Tuffy Gosewisch
9423,Chris McGuiness
10556,Cesar Hernandez
5913,Leury Garcia
4984,Brock Peterson
15676,Jose Abreu
10322,Danny Santana
9774,Christian Vazquez
12856,George Springer
4922,Ender Inciarte
13611,Mookie Betts
7087,Caleb Joseph
5352,Yangervis Solarte
11936,Joe Panik
10472,Enrique Hernandez
2136,David Peralta
12282,Rougned Odor
13757,Chris Taylor
17016,Rusney Castillo
5408,Jake Smolinski
12552,Eugenio Suarez
13132,Andrew Susac
14221,Jorge Soler
10711,Arismendy Alcantara
11145,Christian Colon
2900,Roberto Perez
2832,Rafael Ynoa
12101,Kennys Vargas
3812,Gregorio Petit
12907,Gregory Polanco
9741,Ben Paulsen
12409,Ryan Rua
6938,Eric Campbell
10954,Jacob deGrom
11608,Garin Cecchini
10243,Randal Grichuk
11391,Tyler Holt
1136,Carlos Rivero
13152,Jorge Polanco
5485,Jose Pirela
11464,Gary Brown
15467,Marco Gonzales
12797,Dalton Pompey
9744,Justin Bour
14335,Dilson Herrera
6266,Daniel Robertson
12371,Tommy La Stella
12321,Gus Schlosser
11486,Robbie Ray
12294,Cory Spangenberg
10620,Donn Roach
9266,Daniel Corcino
13329,Jake Lamb
13836,Matt Duffy
13658,Terrance Gore
7802,Miguel Rojas
10058,Tyler Matzek
12049,Kyle Hendricks
11176,David Buchanan
8298,Francisco Pena
12988,Andrew Chafin
11854,Steven Moya
8524,Jackson Williams
10607,Bryce Brentz
1397,Jason Lane
12515,Taylor Hill
12723,Tyler Collins
11255,Matt Szczur
13153,Luis Sardinas
8790,Cole Figueroa
10951,Greg Garcia
12385,Nick Tropeano
11471,Dallas Beeler
11899,Joc Pederson
10200,Tucker Barnhart
10982,Chase Whitley
13050,Anthony DeSclafani
15423,Andrew Heaney
12572,Blake Treinen
15764,Masahiro Tanaka
888,Scott Carroll
1483,Jon Edwards
2967,Tommy Pham
3397,Jumbo Diaz
4086,Erik Cordier
4313,Aaron Poreda
5028,Bo Schultz
5226,Rudy Owens
5420,Pedro Baez
5679,Brooks Brown
5791,Jorge Rondon
6127,Juan Jaime
6336,Ryan Feierabend
6398,Trevor May
6499,Blaine Hardy
6605,Pat McCoy
6955,Yohan Pino
7042,Eric Fornataro
7411,Austin Adams
7422,Bradin Hagens
7553,Jarrett Grube
7677,Neil Ramirez
7759,Yoslan Herrera
7836,Hunter Strickland
7980,Matt West
8436,Bryan Price
8580,Justin Miller
8801,Wilking Rodriguez
9073,Kirby Yates
9121,T.J. House
9178,Kyle Lobstein
9261,Ryan Dennick
9392,John Holdzkom
9456,Ryan Buchter
10019,Taylor Thompson
10171,Jose Ramirez
10181,Melvin Mercedes
10265,Justin Marks
10302,Chris Heston
10307,Roman Mendez
10337,Edwin Escobar
10386,Carlos Contreras
10504,Mario Hollands
10606,Seth Rosin
10710,Red Patterson
10756,Shane Greene
10811,Mike Foltynewicz
10835,Michael Mariot
10855,Chasen Shreve
10962,Jake Buchanan
10983,Ben Rowen
11193,C.J. Riefenhauser
11209,Casey Sadler
11243,Aaron Barrett
11250,Rob Rasmussen
11261,Logan Darnell
11266,Lisalverto Bonilla
11387,A.J. Achter
11479,Bryan Mitchell
11490,Aaron Sanchez
11712,Erik Goeddel
11753,Kyle Ryan
11804,Hector Neris
11847,Chris Martin
11867,Brett Bochy
12020,Scott Snodgress
12095,Yimi Garcia
12165,Matt Stites
12272,Aaron Brooks
12277,Leonel Campos
12297,Evan Marshall
12304,Chris Bassitt
12360,Kevin Quackenbush
12361,Spencer Patton
12499,Drew Rucinski
12673,Roenis Elias
12675,Phil Klein
12730,Nick Martinez
12774,Jairo Diaz
12863,Matt Barnes
12890,Alex Claudio
12910,Ken Giles
13144,Frank Garces
13172,Carson Smith
13293,Danny Coulombe
13360,Cam Bedrosian
13401,R.J. Alvarez
13424,Drew VerHagen
13431,Marcus Stroman
13442,Mike Morin
13475,Daniel Norris
13485,Sam Tuivailala
13604,Chad Smith
13763,Dominic Leone
13881,Ian Thomas
14200,Shae Simmons
14239,Dario Alvarez
14382,Wei-Chung Wang
14814,Buck Farmer
15010,Corey Knebel
15033,Kyle Crockett
15514,Kendall Graveman
15675,Miguel Gonzalez
16208,Brandon Finnegan
11489,Michael A. Taylor
9431,Jake Goebbert
5667,Steven Souza Jr.
9968,Dan Butler
11739,J.T. Realmuto
7409,Xavier Scruggs
13419,Christian Walker
12859,James McCann
11602,Yolmer Sanchez
8353,Dean Anna
8126,Vince Belnome
12510,Curt Casali
12606,Raffy Lopez
9629,Shawn O'Malley
9959,Alex Hassan
5057,Yohan Flande
11137,Mike Bolsinger
13287,Jesse Hahn
13046,Tsuyoshi Wada
3547,Carlos Frias
8182,Nick Greenwood
10767,Lane Adams
11157,Eric Jokisch
11270,Aaron Altherr
11384,Tommy Kahnle
11424,Anthony Ranaudo
12760,Rafael Montero
13453,Eddie Butler
8793,Matthew Clark
12546,C.J. Cron
10950,Adam Duvall
8822,Zelous Wheeler
9922,Yorman Rodriguez
11773,Jason Rogers
3412,Guilder Rodriguez
12701,Billy Burns
15670,Alex Guerrero
6013,Cristhian Adames
10925,Christian Bergman
9767,James Jones
15809,Erisbel Arruebarrena
11763,Kyle Parker
12179,Maikel Franco
5552,Jamie Romak
7392,Brad Glenn
16017,Odrisamer Despaigne
9718,Chris Dominguez
6895,Chase Anderson
10294,Adrian Nieto
12147,Nick Ahmed
11251,Andy Wilkins
10348,Domingo Santana
4779,Rymer Liriano
11342,Jesus Aguilar
12979,Javier Baez
12325,Jace Peterson
10441,Jon Singleton
11173,Oscar Taveras
10067,Tomas Telis
11746,Stefen Romero
15429,Kris Bryant
12916,Francisco Lindor
11476,Odubel Herrera
17182,Jung Ho Kang
14162,Carlos Correa
14106,Addison Russell
12155,Eddie Rosario
13862,Devon Travis
12164,Miguel Sano
16376,Michael Conforto
16478,Kyle Schwarber
13613,Ketel Marte
11379,Delino DeShields
13624,Corey Seager
13130,Mikie Mahtook
11982,Travis Shaw
9952,Trayce Thompson
13367,Stephen Piscotty
11445,Mark Canha
14131,Greg Bird
13005,Kelby Tomlinson
13807,Kevin Plawecki
11624,Jarrett Parker
13176,Blake Swihart
13777,Adonis Garcia
8628,Paulo Orlando
10336,Slade Heathcott
12944,Socrates Brito
13633,Preston Tucker
14128,Joey Gallo
10642,Carlos Perez
12976,Austin Hedges
12225,Scott Schebler
13119,Taylor Jungmann
14843,Michael Lorenzen
11762,Noah Syndergaard
10807,Tyler Saladino
9954,Darrell Ceciliani
11859,Mason Williams
10327,Ramon Cabrera
13770,Rob Refsnyder
13271,Richie Shaffer
10473,Cheslor Cuthbert
13361,Steven Matz
15450,Daniel Castro
1776,Chin-hui Tsao
12093,Branden Pinder
12508,Jett Bandy
12220,Keith Hessler
12138,Ryan Brett
13288,Peter O'Brien
10585,Rico Noel
12586,Mike Wright Jr.
12181,Matt Duffy
11400,Ronald Torreyes
10838,Cody Stanley
13560,Alec Asher
6027,Sugar Marimon
6008,Reynaldo Navarro
13762,Tim Cooney
15580,Dariel Alvarez
12781,Sean Gilmartin
10946,Josh A. Smith
12158,Austin Barnes
12317,Colin Rea
11472,Dixon Machado
14161,Byron Buxton
14457,Adam Conley
12143,Jason Garcia
6748,Travis Tartamella
11457,Sammy Solis
13499,Tom Murphy
13228,Michael Reed
14523,Pedro Severino
3211,Tyler Ladendorf
16252,Trea Turner
10681,Gio Urshela
12649,Alex Dickerson
13849,Jon Moscot
11165,Ramon Flores
12804,Matt Wisler
12664,Jerad Eickhoff
14697,Severino Gonzalez
2851,Jacob Brigham
2951,Josh Ravin
3243,Angel Castro
3895,Enrique Burgos
4002,Marcus Hatley
4530,Mitchell Harris
4858,Ryan Kelly
4869,Mike Montgomery
5195,Edgar Ibarra
5595,Arnold Leon
5702,Junior Guerra
5744,Jose De Paula
5843,Radhames Liz
6238,Diego Moreno
7108,Pat Venditte
7432,Jay Jackson
8007,Jason Gurka
8410,Deolis Guerra
8823,Oliver Drake
9894,Mike Broadway
10075,Caleb Cotham
10258,Rafael Martin
10291,Ryan Tepera
10330,Giovanni Soto
10430,Mychal Givens
10591,Scott Alexander
10637,Adam Liberatore
10657,Andrew Bellatti
10706,Scott Copeland
10836,Asher Wojciechowski
10938,Kenneth Roberts
10976,Ryan O'Rourke
11050,Christopher Rearick
11166,Yhonathan Barrios
11189,Vince Velasquez
11397,Daniel Burawa
11402,Kyle Waldrop
11432,A.J. Schugel
11442,Gary Sanchez
11449,Matt Grace
11467,A.J. Cole
11468,Zach Lee
11506,Jeff Ferrell
11509,Brandon Cunniff
11528,Josh Osich
11652,Toru Murata
11663,Mayckol Guaipe
11680,Elias Diaz
11752,Luke Jackson
11801,Hansel Robles
11903,Michael Feliz
11928,David Rollins
12022,Matt Andriese
12042,J.R. Graham
12056,Scott McGough
12076,Felipe Vazquez
12118,Kendry Flores
12182,Cody Martin
12185,Akeel Morris
12232,Cody Hall
12237,Dan Winkler
12240,Matthew Tracy
12253,Nefi Ogando
12264,Colton Murray
12364,John Cornely
12537,Cory Mazzoni
12562,Jack Leathersich
12669,Guido Knudson
12691,Tyler Wilson
12718,Adrian Houser
12799,Cody Anderson
12800,Noe Ramirez
12801,Chris Reed
12833,Alex Meyer
12854,Elvis Araujo
12857,Shawn Armstrong
12870,Andrew McKirahan
12876,Tony Zych
12962,Abel De Los Santos
12982,Andrew Faulkner
13143,Henry Owens
13164,Eduardo Rodriguez
13323,James Pazos
13415,Angel Nesbitt
13418,Chris Beck
13607,Carl Edwards Jr.
13685,Nick Goody
13713,Kyle Barraclough
13758,Tyler Duffey
13764,Roberto Osuna
13796,Tyler Wagner
13911,Scott Oberg
13974,Ryan Dull
14077,Raudel Lazo
14120,Lance McCullers Jr.
14139,Miguel Almonte
14272,Brian Johnson
14309,Frankie Montas
14470,Jose Valdez
14527,Jorge Lopez
14663,Chi Chi Gonzalez
14696,Keone Kela
14699,Jonathan Aro
14741,Tyler Olson
14867,Nick Rumbelow
15046,Trevor Gott
15051,Silvino Bracho
15089,Matt Marksberry
15440,Matthew Boyd
15671,Dalier Hinojosa
15684,Miguel Castro
15890,Luis Severino
16137,Carlos Rodon
16215,Jacob Lindgren
17233,Brian Ellington
10390,Daniel Fields
17528,Hector Olivera
13768,Travis Jankowski
13593,Jose Peraza
11902,Hanser Alberto
6623,Ryan Lollis
14320,Wilmer Difo
12144,Max Kepler
12918,Archie Bradley
14862,Zack Godley
16149,Aaron Nola
11592,Williams Perez
10533,Rocky Gale
8493,John Lamb
14916,Jon Gray
11589,Jose Urena
13183,Zach Davies
5365,Manny Banuelos
9253,Keon Broxton
10160,Ryan Weber
10240,Ariel Pena
10770,Tyler Cravy
11905,Orlando Calixte
12166,David Goforth
12905,Logan Verrett
5107,Jefry Marte
11615,Brandon Drury
13809,Micah Johnson
11494,Kaleb Cowart
12590,Taylor Featherston
13490,Oscar Hernandez
12214,Daniel Muno
13355,Luke Maile
3274,Nevin Ashley
17130,Raisel Iglesias
12580,Adam Morgan
11863,Yadiel Rivera
2487,Edward Easley
8979,Dusty Coleman
9787,Steven Baron
10039,Keyvius Sampson
14158,Mac Williamson
9113,Allan Dykstra
10937,Ryan Strausborger
1050,Daniel Dorn
10700,Ryan LaMarre
11754,Justin Nicolino
9665,Cody Decker
13284,Darnell Sweeney
13895,Trevor Brown
13325,Deven Marrero
12148,Kyle Kubitza
12972,Joe Ross
13301,Max Muncy
5429,Carson Blair
12547,John Hicks
9433,Dustin Garneau
17171,Yasmany Tomas
12564,Trevor Story
15937,Aledmys Diaz
15172,Tim Anderson
9953,Ryan Schimpf
11609,Willson Contreras
15447,Ryon Healy
13359,Tyler Naquin
11470,Tony Wolters
18718,Hyun Soo Kim
13744,David Dahl
13414,Andrew Toles
17678,Alex Bregman
18314,Dansby Swanson
11281,Whit Merrifield
15464,Hunter Renfroe
17901,Andrew Benintendi
14109,Albert Almora Jr.
14553,Nomar Mazara
13277,Joey Rickard
13608,Mallex Smith
11192,Brett Nicholas
12495,T.J. Rivera
10349,Tommy Joseph
9399,Jeremy Hazelbaker
7740,Ty Kelly
13546,Roman Quinn
15149,Trey Mancini
7996,Jose Martinez
15223,Adam Frazier
19198,Yuli Gurriel
18721,Guillermo Heredia
12957,Steve Selsky
16918,Luke Weaver
4177,Hernan Iribarren
13866,Bruce Maxwell
13338,Omar Narvaez
13788,Matt Reynolds
14712,Manuel Margot
13185,Orlando Arcia
13774,Zach Eflin
13853,Joey Wendle
14168,Jose Berrios
15928,Cody Ege
17005,Gavin Cecchini
14361,Ty Blach
15119,Jordan Patterson
13723,Jacob Stallings
14103,Rio Ruiz
12858,Brian Goodwin
13066,Teoscar Hernandez
14274,Mitch Haniger
16977,Trevor Williams
12927,Brandon Nimmo
13369,Erik Gonzalez
14282,Jason Coats
11247,Jabari Blash
6175,Albert Suarez
10968,Tim Adleman
12090,Yefri Perez
13300,Spencer Kieboom
16086,Edubray Ramos
13145,Josh Bell
7706,Kyle Jensen
5398,Juan Graterol
18497,Byung-ho Park
7655,Wilfredo Boscan
15564,Tyler White
15640,Aaron Judge
11241,Mike Freeman
15117,Hunter Dozier
4626,James Beresford
15291,Steven Brault
15474,Lucas Giolito
12447,Seth Lugo
12880,Tyler Anderson
12756,Jake Esch
14165,Rob Whalen
12825,Joel De La Cruz
14371,Jake Thompson
13543,Blake Snell
14682,Luis Perdomo
14374,Tyler Glasnow
13420,Matt Koch
12779,Andy Burns
1246,Matt Bush
3555,Tony Barnette
3832,Matt Buschmann
4920,Joseph Colon
5200,Kelvin Marte
6200,Dustin Molleken
6780,Tyler Sturdevant
6911,Eddie Gamboa
7119,Dustin Antolin
7803,Richard Bleier
9149,Tim Melville
9309,Buddy Baumann
9780,Blake Smith
9919,A.J. Morris
10029,Patrick Schuster
10044,Ashur Tolliver
10285,Josh Smoker
10341,Juan Minaya
10387,Brooks Pounders
10510,Hunter Cervenka
10528,Drew Hayes
10529,Dean Kiekhefer
10636,Madison Younginer
10887,Perci Garner
11203,Grant Dayton
11294,Zach Neal
11350,Pat Dean
11388,Danny Barnes
11394,Alex Wimmers
11440,Johnny Barbato
11487,Joely Rodriguez
11502,Parker Bridwell
11543,Dayan Diaz
11580,Conor Mullee
11681,Vicente Campos
11691,Tayron Guerrero
12323,Jacob Barnes
12763,Chris Devenski
12790,Raul Alcantara
12808,Mike Clevinger
12831,Matt Purke
12938,Gabriel Ynoa
12970,Joe Musgrove
12975,Mauricio Cabrera
13042,Robby Scott
13133,Derek Law
13150,Jayson Aquino
13166,Jed Bradley
13188,Adalberto Mejia
13194,Joe Biagini
13211,Warwick Saupold
13218,Michael Fulmer
13276,Matt Carasiti
13322,Jake Barrett
13331,William Cuevas
13339,Adrian Sampson
13345,Luis Cessa
13393,Brady Rodgers
13394,Dylan Floro
13395,Damien Magnifico
13403,Felix Pena
13427,Pat Light
13449,Taylor Rogers
13528,Matt Bowman
13533,Andrew Triggs
13580,Steven Okert
13606,Shawn Morimando
13654,Jharel Cotton
13688,Ryan Merritt
13761,Chris Stratton
13767,JT Chargois
13780,Daniel Stumpf
13799,Matt Strahm
13834,Alec Mills
13891,Mike Miller
13942,Brent Suter
14016,Ryan Garton
14093,Michael Ynoa
14295,Wandy Peralta
14379,Jake Smith
14391,Yohander Mendez
14411,Gerardo Concepcion
14506,J.B. Wendelken
14524,Jose Leclerc
14542,Carlos Estevez
14556,Max Moroff
14605,James Hoyt
14665,Jandel Gustave
14710,Edwin Diaz
14844,Matt Dermody
14857,Joe Mantiply
14914,Jason Hursh
14957,Jose Torres
15094,Rob Zastryzny
15100,Ben Heller
15126,Tyler Danish
15240,Kevin McCarthy
15293,Steve Hathaway
15301,Layne Somsen
15306,Donnie Hart
15451,Mike Mayers
15542,Chad Girodo
15594,Nick Wittgren
15627,Dillon Overton
15846,Adam Plutko
15873,Sean Manaea
16507,Dan Altavilla
16588,Jonathan Holder
16684,Zac Curtis
16877,Greg Mahle
17237,Austin Brice
17418,David Paulino
17526,Ariel Miranda
17695,Koda Glover
18311,Carson Fulmer
18719,Seunghwan Oh
12983,Charlie Tilson
18722,Dae-Ho Lee
14885,Pat Valaika
13154,Marco Hernandez
11446,Rob Segedin
9887,Destin Hood
14894,Tony Kemp
14350,Raimel Tapia
14818,JaCoby Jones
15197,Carlos Asuaje
17232,Yoan Moncada
14344,Matt Olson
13620,Carson Kelly
12140,Juniel Querecuto
18498,Kenta Maeda
14765,Julio Urias
15158,Braden Shipley
13273,Ross Stripling
14975,Chad Kuhl
16727,Brock Stewart
16400,Reynaldo Lopez
15015,Alex Reyes
13696,Robert Gsellman
15232,Cody Reed
13684,John Gant
14099,Cesar Vargas
15038,German Marquez
15179,Daniel Wright
15463,Jose De Leon
15552,Chad Green
16980,Daniel Mengden
17432,Jeff Hoffman
11850,Tyler Austin
11369,Brett Eibner
12399,Taylor Motter
12160,Ben Gamel
12926,Alen Hanson
7125,Alberto Rosario
13621,Jeimer Candelario
12180,Jorge Alfaro
12284,Kevan Smith
11674,Jameson Taillon
14934,Aaron Blair
11378,Tyrell Jenkins
13594,Robert Stephenson
11204,Stephen Cardullo
15191,Chad Pinder
13910,Patrick Kivlehan
13443,Tony Renda
16909,Colin Moran
14130,Daniel Vogelbach
10882,Jared Hoying
10961,Colin Walsh
14503,Renato Nunez
13769,Adalberto Mondesi
14140,Jose Rondon
5452,Ji-Man Choi
16246,A.J. Reed
13180,Tyler Goeddel
15998,Cody Bellinger
16505,Matt Chapman
16472,Rhys Hoskins
18015,Paul DeJong
17919,Ian Happ
14950,Johan Camargo
16556,Ozzie Albies
16221,Bradley Zimmer
13590,Jesse Winker
13157,Nicky Delmonico
14735,Brett Phillips
17350,Rafael Devers
15103,Boog Powell
11738,Christian Villanueva
14567,Franchy Cordero
15491,J.P. Crawford
14330,Nick Williams
12174,Jorge Bonifacio
16153,Austin Slater
15694,Chance Sisco
12950,Phillip Evans
15983,Jackson Frazier
14932,Ben Lively
14145,Daniel Robertson
15878,Miguel Andujar
12594,Mike Marjama
13473,Dwight Smith Jr.
13718,Christopher Bostick
16219,J.D. Davis
14811,Luke Voit
15343,Zack Granite
15082,Adam Engel
15279,Garrett Cooper
11761,Drew Robinson
12981,Cam Gallagher
14942,Andrew Knapp
14678,Tzu-Wei Lin
18289,Brian Anderson
14968,Victor Caratini
16578,Yandy Diaz
14420,Jackson Stephens
18030,Harrison Bader
11338,Adrian Sanchez
16623,Greg Allen
10340,Gift Ngoepe
14962,Rookie Davis
14113,Ramon Torres
16162,Brandon Woodruff
16511,Jordan Montgomery
13932,Dietrich Enns
14738,Phillip Ervin
18363,Victor Robles
12956,Willy Garcia
13755,Tomas Nido
13324,Ildemaro Vargas
11012,Kevin Shackelford
16192,Derek Fisher
14813,Kyle Farmer
17642,JT Riddle
7216,Cesar Puello
12490,Tyler Smith
8246,Paolo Espino
13269,Zach Vincej
16256,Kyle Freeland
12778,Sam Gaviglio
16164,Daniel Gossett
16358,Tyler Mahle
13896,Chris Flexen
14329,Anthony Alford
13743,Max Fried
2826,Fabio Castillo
4168,Edward Paredes
5530,Nik Turley
8461,Michael Brady
8846,Arcenio Leon
9559,Austin Bibens-Dirkx
10297,Chad Bell
10843,Adam Kolarek
11121,Casey Lawrence
11346,Seth Frankoff
11596,Deck McGuire
11604,Dovydas Neverauskas
11686,Josh Lucas
11743,Carlos Ramirez
11769,Myles Jaye
11776,Angel Sanchez
11964,Taylor Cole
12249,Ryan Sherriff
12452,Chasen Bradford
12777,John Brebbia
12828,Andrew Kittredge
12963,Roberto Gomez
13058,Reymin Guduan
13128,Jason Wheeler
13182,Kyle Crick
13313,Jordan Jankowski
13346,Hoby Milner
13435,Pierce Johnson
13530,Alejandro Chacin
13549,Richard Rodriguez
13572,Justin Haley
13619,Jakob Junis
13699,Jake Faria
13801,Austin Adams
13892,Paul Sewald
14033,Mike Hauschild
14212,Josh Hader
14241,Austin Maddox
14449,Chris Smith
14508,Randy Rosario
14510,Thyago Vieira
14532,Felix Jorge
14552,Jose Ruiz
14672,Dillon Maples
14681,Andres Machado
14711,Jamie Callahan
14739,Paul Blackburn
14771,Emilio Pagan
14776,Brad Goldberg
14812,Barrett Astin
14825,Dylan Covey
14832,Bobby Wahl
14860,Kyle Martin
14874,Sam Moll
14875,Caleb Smith
14899,Taylor Williams
14966,Reyes Moronta
14974,Tyler Webb
14986,Giovanny Gallegos
14996,Jairo Labourt
15006,Luis Santos
15007,Yacksel Rios
15028,Victor Alcantara
15036,Chase De Jong
15042,Tim Mayza
15091,Hunter Wood
15101,Luke Farrell
15118,Jimmie Sherfy
15124,Tim Locastro
15130,Drew Anderson
15157,Jimmy Yacabonis
15200,Glenn Sparkman
15215,Kevin McGowan
15231,Aaron Slegers
15239,Alan Busenitz
15258,Shane Carle
15264,Keynan Middleton
15267,Jacob Rhame
15285,Zac Reininger
15290,Austin Pruitt
15378,Kyle Lloyd
15458,Ricardo Rodriguez
15524,Jen-Ho Tseng
15570,Troy Scribner
15603,Ariel Hernandez
15639,Dan Slania
15688,Ronald Herrera
15761,Joe Jimenez
15853,Jesen Therrien
15915,Victor Arano
15947,Ryne Stanek
15964,Keury Mella
16058,Stefan Crichton
16128,John Curtiss
16155,Eric Skoglund
16159,Jace Fry
16165,Max Povse
16258,Aaron Bummer
16318,Ricardo Pinto
16344,Eduardo Paredes
16348,Gabriel Moya
16419,Chih-Wei Hu
16513,Nick Gardewine
16731,Artie Lewicki
16793,Kyle McGrath
16904,Aaron Wilkerson
17002,Trevor Hildenberger
17098,Dustin Fowler
17149,Domingo German
17303,Francis Martes
17355,Edgar Santana
17553,Andrew Moore
17586,Tanner Scott
17780,Jose Alvarado
18006,John Bormann
18064,Phil Maton
18114,Ben Taylor
18282,Jarlin Garcia
18655,A.J. Minter
18684,Sandy Alcantara
18806,Drew Steckenrider
18815,Miguel Diaz
18820,Chris Rowley
19341,Hector Velazquez
19374,Walker Buehler
17838,Willie Calhoun
17023,Magneuris Sierra
16263,Sam Travis
14551,Anthony Santander
10619,David Freitas
12244,Brock Stassi
15766,Raudy Read
15112,Ryan McMahon
17027,Alex Verdugo
12782,Taylor Davis
17075,Miguel Gomez
14352,Lewis Brinson
12677,O'Koyea Dickson
10347,Mike Ohlman
13470,Lucas Sims
12751,Tyler Pill
13818,Chris O'Grady
13821,Ian Parmley
14706,Anthony Banda
14938,Jack Reinheimer
15166,Luiz Gohara
17425,Erick Fedde
17479,Jack Flaherty
18790,Dillon Peters
15518,Amed Rosario
15274,Mike Tauchman
15161,Mitch Garver
16411,Richard Urena
19369,Jae-Gyun Hwang
15644,Jacob Hannemann
16403,Francisco Mejia
12758,Breyvic Valera
15488,Antonio Senzatela
10317,Danny Ortiz
16565,Mark Zagunis
17161,Chad Wallach
17186,Dinelson Lamet
15689,Luis Castillo
13690,Sal Romano
15551,Mark Leiter Jr.
14375,Amir Garrett
16943,Sean Newcomb
12110,David Washington
14936,Jaycob Brugman
16424,Jordan Luplow
19363,Austin Hays
11935,Travis Taijeron
7511,Carlos Moncrief
17932,Andrew Stevenson
15769,Rafael Bautista
13267,Nolan Fontana
12092,Niko Goodrum
7077,A.J. Jimenez
5517,Kyle Higashioka
12937,Jose Osuna
13877,Alex Mejia
15454,Nick Pivetta
15519,Franklin Barreto
16434,Christian Arroyo
14876,Jacob May
15653,Dominic Smith
15730,Tyler Wade
13444,Cam Perkins
15982,Ryder Jones
15207,Stuart Turner
15722,Allen Cordoba
15905,Luis Torrens
18401,Ronald Acuna Jr.
20123,Juan Soto
19755,Shohei Ohtani
15362,Jeff McNeil
16997,Gleyber Torres
17128,Ramon Laureano
17992,David Fletcher
12005,Nick Martini
15986,Willy Adames
15711,Tyler O'Neill
16442,Ryan O'Hearn
14566,Franmil Reyes
14477,Jake Cave
15608,Willians Astudillo
18882,Brandon Lowe
14593,David Bote
16357,Pablo Reyes
16535,Danny Jansen
19238,Lourdes Gurriel Jr.
15672,Austin Meadows
17719,Steven Duggar
16512,Isiah Kiner-Falefa
15674,Reese McGuire
17766,D.J. Stewart
16925,Aramis Garcia
14388,Ronald Guzman
13151,Jose Briceno
15048,Johnny Field
15679,Rowdy Tellez
13602,Patrick Wisdom
15654,Billy McKinney
18694,Kolby Allard
17620,Myles Straw
14196,Andrew Velazquez
19262,Garrett Hampson
12977,Michael Perez
5238,Isaac Galloway
16622,Luis Urias
11437,Jesse Biddle
17878,Dennis Santana
12119,Matt Skole
19427,Shane Bieber
17714,Christin Stewart
17466,Heath Fillmyer
17929,Cedric Mullins
15271,Austin Wynns
16631,Jeff Brigham
17277,Ranger Suarez
16271,Alex Blandino
14691,Harold Castro
16561,Austin Gomber
17018,Jefry Rodriguez
17085,Pablo Lopez
17470,Chad Sobotka
16313,Yairo Munoz
12384,Beau Taylor
15194,Jake Bauers
19254,Jose Fernandez
15734,Brad Keller
18213,P.J. Conlon
17062,Grayson Greiner
16285,Michael Hermosillo
16448,Jacob Nottingham
13012,John Andreoli
19249,Seranthony Dominguez
17313,Merandy Gonzalez
15407,Nate Orf
16110,Daniel Ponce de Leon
14412,Joe Hudson
19349,Caleb Ferguson
16130,David Hess
17022,Edmundo Sosa
11694,Nick Kingham
18383,Mike Soroka
13804,Walker Lockett
16929,Touki Toussaint
5172,Brandon Mann
6576,Robert Stock
8004,Marcus Walden
9069,Jeremy Bleich
9812,Murphy Smith
11861,Jason Adam
12316,Justin Hancock
12545,Drew Gagnon
12578,DJ Johnson
12699,Ryan Carpenter
12997,Colten Brewer
13483,Connor Sadzeck
13616,Taylor Guerrieri
13707,Joey Krehbiel
13946,Tim Peterson
14244,Ray Black
14288,Luke Bard
14338,Williams Jerez
14353,Caleb Frare
14646,Rowan Wick
14677,Duane Underwood Jr.
14719,Ty Buttrey
14733,Jose Fernandez
14764,Wes Parsons
14993,Scott Barlow
15043,Lou Trivino
15047,Austin Voth
15066,Jaime Schultz
15068,Yency Almonte
15071,Kyle McGowin
15136,Jake Newberry
15189,Dustin Peterson
15203,Tyler Bashlor
15288,Adam Cimber
15444,Zack Weiss
15482,Aristides Aquino
15490,Justin Williams
15492,Stephen Gonsalves
15502,Kohl Stewart
15655,Yefry Ramirez
15690,Jimmy Cordero
15823,Zack Littell
15832,Paul Fry
15855,Wander Suero
15859,Stephen Tarpley
15885,Fernando Romero
15949,D.J. Snelten
16074,Nick Burdi
16132,Justin Shafer
16201,Justin Anderson
16207,Spencer Turnbull
16218,Brett Graves
16265,Sam Howard
16269,John Means
16309,Austen Williams
16317,Alex McRae
16350,Ryan Borucki
16390,Brad Wieck
16401,Yonny Chirinos
16440,James Norwood
16468,Trevor Oaks
16502,Ryan Yarbrough
16532,Harrison Musgrave
16687,Dean Deetz
16794,Josh James
16814,Tim Hill
16873,Eric Stout
16942,Luis Ortiz
16958,Jake Jewell
16981,Tyler Beede
17030,Ariel Jurado
17034,Sean Reid-Foley
17117,Austin Davis
17126,Jerry Vasto
17133,Osmer Morales
17169,Jose Castillo
17181,Yoan Lopez
17192,Jalen Beeks
17281,Thomas Pannone
17282,Michael Kopech
17285,Justus Sheffield
17295,Framber Valdez
17496,Diego Castillo
17536,Ryan Burr
17610,Tanner Rainey
17664,Cody Carroll
17677,Jeffrey Springs
17697,Pedro Araujo
17734,Evan Phillips
17754,Sandy Baez
17755,Drew Smith
17793,Trey Wingenter
17811,Daniel Zamora
17874,Nestor Cortes
17987,Bobby Poyner
18029,Tanner Anderson
18076,Matt Hall
18105,Ryan Meisinger
18135,Chance Adams
18297,Tyler Kinley
18332,Eric Hanhold
18510,Josh Rogers
18854,Ben Meyer
19206,Dakota Hudson
19256,Gerson Bautista
19261,Ian Hamilton
19277,Jesus Reyes
19330,Matthew Festa
19361,Corbin Burnes
19482,Andrew Vasquez
19550,Adam McCreery
19614,Cionel Perez
19618,Jordan Hicks
19665,Kyle Wright
19753,Jonathan Loaisiga
19756,Yoshihisa Hirano
19757,Kazuhisa Makita
19820,C.D. Pelham
19990,Bryse Wilson
14897,Daniel Palka
12037,Jon Berti
17109,Meibrys Viloria
15115,Dylan Cozens
16291,Nick Ciuffo
15496,Abiatal Avelino
16725,Jose Trevino
14528,Gabriel Guerrero
15104,Jonathan Davis
17588,Blake Trahan
15481,Engelb Vielma
13006,Mitch Walding
14509,Dereck Rodriguez
19320,Joey Lucchesi
18146,Kevin Kaczmarski
19316,Eric Lauer
13649,Clay Holmes
16933,Elieser Hernandez
17877,Brett Kennedy
18356,Jaime Barria
18403,Enyel De Los Santos
18288,Austin Dean
16451,Luis Guillorme
16839,Braxton Lee
19287,Adolis Garcia
14267,Alfredo Gonzalez
18300,Andrew Suarez
19309,Trevor Richards
13906,Sherman Johnson
18679,Freddy Peralta
13677,Corey Oswalt
17775,Jacob Nix
10286,Francisco Arcia
11611,Rosell Herrera
11875,Ronny Rodriguez
17738,Chris Shaw
17292,Javy Guerra
14111,Eric Haase
17548,Taylor Ward
15214,Brandon Dixon
14548,Jesmuel Valentin
18345,Kyle Tucker
14713,Dawel Lugo
14558,Carlos Tocci
15181,Ryan Cordell
16041,Stevie Wilkerson
17689,Kevin Kramer
17975,Scott Kingery
16115,Mike Gerber
17696,Kevin Newman
11894,Noel Cuevas
15487,Victor Reyes
19251,Pete Alonso
19556,Yordan Alvarez
19326,Bryan Reynolds
19470,Tommy Edman
19709,Fernando Tatis Jr.
19252,Cavan Biggio
14854,Mike Yastrzemski
20003,Keston Hiura
16375,Oscar Mercado
19197,Will Smith
18568,Luis Arraez
19612,Bo Bichette
17484,Eloy Jimenez
15941,Austin Nola
15585,Mike Ford
17321,Michael Chavis
18042,Dylan Moore
19293,Nick Senzel
18564,Trent Grisham
16939,Lane Thomas
17954,Sam Hilliard
19878,Adam Haseley
19508,Kyle Lewis
18171,Seth Brown
19858,Luis Rengifo
16542,Shed Long Jr.
19683,Mike Brosseau
17710,Matt Beaty
14137,Tim Lopes
18316,Edwin Rios
19352,Sean Murphy
19294,Nick Solak
21479,Nico Hoerner
16530,Mauricio Dubon
16426,Thairo Estrada
17969,Peter Lambert
19844,Abraham Toro
19611,Vladimir Guerrero Jr.
19955,Gavin Lux
13675,Tyrone Taylor
19290,Randy Arozarena
18063,Kyle Garlick
16404,Domingo Leyba
17611,Taylor Clarke
10819,R.J. Alaniz
19677,Gregory Soto
17948,Trent Thornton
13897,Tyler Heineman
13905,Seth Mejias-Brean
18889,Danny Mendick
19566,Nathaniel Lowe
13167,Robel Garcia
15170,Josh VanMeter
14387,Harold Ramirez
16729,Brian O'Grady
14453,Scott Heineman
18555,Logan Allen
19388,Tony Gonsolin
19244,Cole Irvin
15830,Johnny Davis
16211,Kevin Cron
20186,Brendan McKay
18360,Austin Riley
17982,Ty France
18138,Ryan Helsley
10839,Rangel Ravelo
17468,Kelvin Gutierrez
15055,Dom Nunez
12268,Ryan Court
15817,Erick Mejia
19635,Sheldon Neuse
14773,Yu Chang
16768,Montana DuRapau
5124,Wilkin Castillo
15156,Ian Miller
16300,Jesus Tinoco
20395,Nick Margevicius
18318,Jacob Waguespack
17995,Logan Webb
17807,Drew Jackson
19546,Jon Duplantier
9646,Brian Moran
11896,Enderson Franco
12106,Parker Markel
12575,Nick Ramirez
12680,Ryne Harper
12874,Danny Hultzen
13397,Sam Selman
13527,Brandon Brennan
13629,Josh D. Smith
13652,Tayler Scott
14101,Branden Kline
14151,Chris Mazza
14169,Kyle Zimmer
14332,Joel Payamps
14460,Matt Ramsey
14707,Brady Lail
14808,Ryan Eades
15256,Cole Sulser
15507,Hunter Harvey
15538,Eric Yardley
15541,Tyler Rogers
15605,Phillips Valdez
15816,Devin Williams
15906,Lewis Thorpe
16106,Cy Sneed
16122,Jordan Romano
16125,Chris Ellis
16166,Chandler Shepherd
16306,Gerardo Reyes
16452,Matt Wotherspoon
16459,Joe Harvey
16587,Erik Swanson
16609,Bryan Abreu
16618,Kyle Bird
16668,James Bourque
16850,Locke St. John
16866,Reed Garrett
17035,Joseph Palumbo
17170,Gabe Speier
17264,Sam Coonrod
17345,Luis Escobar
17359,Josh Taylor
17369,Brett Martin
17464,Jonathan Hernandez
17490,Genesis Cabrera
17508,Wei-Chieh Huang
17556,Jimmy Herget
17679,Rogelio Armenteros
17735,Tyler Alexander
17796,Dillon Tate
17860,Jose Rodriguez
17871,Ian Gibaut
17942,Adonis Rosa
17968,Brock Burke
17998,Pete Fairbanks
18088,Cody Stashak
18251,Art Warren
18256,Zac Grotz
18306,Taylor Guilbeau
18313,Pedro Payano
18323,Josh Sborz
18325,Taylor Hearn
18335,Josh Staumont
18337,Nick Anderson
18361,Thomas Eshelman
18413,Jose Urquidy
18454,Trevor Kelley
18496,Junior Fernandez
18525,Dylan Cease
18581,Travis Bergen
18600,Travis Lakins Sr.
18792,Miguel Del Pozo
18864,Pedro Avila
18890,Kyle Keller
19199,Conner Menez
19200,Jose Quijada
19268,Justin Dunn
19269,T.J. Zeuch
19274,Jacob Webb
19276,Edgar Garcia
19285,Kyle Dowdy
19311,Reggie McClain
19337,Richard Lovelady
19343,A.J. Puk
19403,Colin Poche
19447,Patrick Sandoval
19457,Bryan Garcia
19459,Jorge Alcala
19479,Aaron Civale
19487,Devin Smeltzer
19495,Michael Shawaryn
19545,Stephen Nogosek
19548,J.D. Hammer
19558,Geoff Hartlieb
19569,David Bednar
19583,Sean Poppen
19642,Eduardo Jimenez
19675,James Marvel
19814,David McKay
19848,Darwinzon Hernandez
19853,Michael King
19867,Griffin Canning
19876,Kevin Ginkel
19884,Corbin Martin
19911,Jose Suarez
19959,Jesus Luzardo
19977,Tres Barrera
19979,Zach Plesac
19981,Jeremy Walker
19995,Joel Kuhnel
20020,John Schreiber
20023,Rico Garcia
20030,Phillip Diehl
20039,Adrian Morejon
20100,Michel Baez
20151,James Karinchak
20218,Yennsy Diaz
20367,Brusdar Graterol
20373,Andres Munoz
20387,Anthony Kay
20468,Huascar Ynoa
20632,Elvis Luciano
20633,Yusei Kikuchi
21032,Emmanuel Clase
23798,Randy Dobnak
18126,LaMonte Wade Jr.
16524,Ryan McBroom
16429,Jason Martin
19734,Josh Rojas
18067,Garrett Stubbs
19314,Donovan Walton
19703,Jake Noll
14973,Zach Green
17723,Skye Bolt
15988,Deivy Grullon
19453,Shaun Anderson
19291,Zac Gallen
19716,Dustin May
15821,Dario Agrazal
18887,Seby Zavala
17594,Mitch Keller
17859,Adbert Alzolay
18054,Sam Haggerty
19191,Robert Dugger
20041,Ronald Bolanos
18839,Josh Naylor
19318,Matt Thaiss
19514,Andrew Knizner
16885,Joshua Fuentes
18206,Nick Dini
17326,Cole Tucker
17338,Willi Castro
18607,Jared Walsh
17278,Bobby Bradley
15402,Jack Mayfield
13854,Anthony Bemboom
20099,Chris Paddack
19312,Cal Quantrill
16572,Connor Joe
17585,Jordan Yamamoto
18333,Alex Young
19339,Nicky Lopez
18083,Austin Allen
15994,Kean Wong
17276,Alex Jackson
19181,Zack Collins
19260,Jake Fraley
15351,Frank Schwindel
17736,Richie Martin
15794,Yonathan Daza
19552,Jaylin Davis
19958,Carter Kieboom
13795,Eric Stamets
11156,Merrill Kelly
15958,Travis Demeritte
13356,Bubba Starling
19452,Jake Rogers
17806,Braden Bishop
17907,Brendan Rodgers
13595,Humberto Arteaga
17922,Isan Diaz
18577,Ke'Bryan Hayes
18036,Jake Cronenworth
20043,Luis Robert Jr.
21618,Alec Bohm
19950,Andres Gimenez
18373,Ryan Mountcastle
19966,Bobby Dalbec
20521,Nick Madrigal
22209,Sam Huff
24618,Ryan Jeffers
18900,Leody Taveras
21646,Rafael Marchan
17988,Tyler Stephenson
27461,Shogo Akiyama
19997,Santiago Espinal
21524,Joey Bart
22217,Luis Campusano
18395,Travis Blankenhorn
22581,Alejandro Kirk
20040,Jorge Ona
11155,Elliot Soto
14555,Wyatt Mathisen
16398,Brian Navarreto
19909,Anderson Tejeda
27459,Yoshi Tsutsugo
16953,Chadwick Tromp
19627,Brent Rooker
20503,William Contreras
19610,Keibert Ruiz
18872,Jahmai Jones
19521,Andy Young
19892,Pavin Smith
19392,Zach McKinstry
19151,Estevan Florial
19918,Daulton Varsho
18032,Mark Mathias
19577,Nick Heath
16852,John Nogowski
19948,Cristian Pache
17839,Luis Alexander Basabe
12178,Domingo Tapia
13190,Jordan Weems
14399,Robinson Leyer
14545,Dakota Bacus
15009,Kyle Finnegan
15139,Ashton Goudeau
15145,Justin Topa
15792,Rob Kaminsky
16135,Brandon Leibrandt
16233,Tejay Antone
16377,Ryan Castellani
16408,Victor Gonzalez
16418,Blake Taylor
16427,Scott Blewett
16432,Foster Griffin
16470,Roel Ramirez
16610,J.P. Feyereisen
16634,Carlos Sanabria
16647,Ryan Thompson
16703,Julian Merryweather
16840,Cameron Hill
17423,Yermin Mercedes
17485,Albert Abreu
17505,Jorge Guzman
17578,JT Brubaker
17581,Ricardo Sanchez
17606,Cristian Javier
17732,Nabil Crismatt
17759,Angel Perdomo
17792,Patrick Weigel
17821,Jose Mujica
17861,Franklyn Kilome
17897,Garrett Cleavinger
17920,Cody Ponce
18000,Triston McKenzie
18152,Anthony Misiewicz
18331,James Kaprielian
18347,Brandon Waddell
18519,Phil Bickford
18592,Hector Perez
18674,Jake Woodford
18699,Nick Neidert
18873,Beau Burrows
19159,Zack Burdi
19225,Mitch White
19231,Caleb Baragar
19243,Wes Benjamin
19264,Thomas Hatch
19266,Taylor Widener
19345,Daulton Jefferies
19350,Dean Kremer
19362,Keegan Akin
19409,Dane Dunning
19444,Yohan Ramirez
19456,Kyle Funkhouser
19541,Jimmy Lambert
19561,Bernardo Flores Jr.
19574,JoJo Romero
19582,Brandon Bailey
19646,Kyle Hart
19647,Matt Foster
19671,Sterling Sharp
19680,Sixto Sanchez
19686,Kyle Cody
19712,Patrick Murphy
19731,Kodi Whitley
19766,Seth Elledge
19789,Anthony Castro
19800,Wil Crowe
19805,Daniel Castano
19826,Riley Smith
19866,Brandon Bielak
19871,Tucker Davidson
19879,Tanner Houck
19899,Clarke Schmidt
19903,Adonis Medina
19938,Aaron Whitefield
19942,Ljay Newsome
19951,Ian Anderson
19976,Tyson Miller
20042,Jesus Cruz
20080,Mauricio Llovera
20153,Nick Nelson
20160,Nate Pearson
20175,Ben Braymer
20205,Jeremy Beasley
20276,Deivi Garcia
20302,David Peterson
20329,Andre Scrubb
20344,Blake Cederlind
20368,Ramon Rosso
20370,Bruce Zimmermann
20379,Tyler Zuber
20383,Antonio Santos
20418,Josh Fleming
20430,Rony Garcia
20447,Enoli Paredes
20492,Casey Mize
20515,Kyle Nelson
20589,Edwar Colina
20631,Jordan Holloway
20643,Johan Quezada
20739,Humberto Mejia
21087,Demarcus Evans
21111,Miguel Yajure
21170,Dany Jimenez
21183,Humberto Castellanos
21189,Brooks Kriske
21205,Connor Brogdon
21281,Tommy Doyle
21333,Seth Romero
21455,Kris Bubic
21844,Braxton Garrett
21896,Brailyn Marquez
22051,John King
22052,Aaron Fletcher
22267,Tarik Skubal
22286,Trevor Rogers
22449,Nivaldo Rodriguez
22487,Johan Oviedo
22713,Carlos Hernandez
22815,Luis Patino
23252,Spencer Howard
23293,Codi Heuer
23735,Luis Garcia
24584,Jonathan Stiever
24591,Joey Gerber
25007,Alex Vesia
25376,Nick Mears
25377,Brady Singer
25385,Drew Rasmussen
27458,Kwang-hyun Kim
27460,Shun Yamaguchi
27463,Garrett Crochet
18795,Ramon Urias
20126,Dylan Carlson
19956,Mickey Moniak
20078,Evan White
16417,Sergio Alcantara
17750,Max Schrock
20332,Luis Gonzalez
17216,Monte Harrison
16930,Jonah Heim
16042,Mark Payton
17273,Jorge Mateo
19968,Jared Oliva
18551,Ali Sanchez
16947,Derek Hill
19267,Will Craig
20275,Jonathan Arauz
19334,Yadiel Hernandez
19533,Taylor Jones
20454,Jazz Chisholm Jr.
17684,Vimael Machin
16959,Eddy Alvarez
18353,Daz Cameron
19643,Daniel Johnson
15767,Jose Marmolejos
20036,Isaac Paredes
18365,Lewin Diaz
18399,Joe McCarthy
20391,Luis Garcia
19698,Edward Olivares
19346,Eli White
15535,Joseph Odom
19913,Jesus Sanchez
23378,Jose Barrero
21794,Sherten Apostel
20220,Jo Adell
21523,Jonathan India
23667,Wander Franco
19599,Chas McCormick
22168,Akil Baddoo
20308,Jake Meyers
18819,Andy Ibanez
19600,Bryan De La Cruz
17452,Jose Siri
21454,Lars Nootbaar
20202,Brandon Marsh
21558,Matt Vierling
19901,Gavin Sheets
21614,Kyle Isbel
20352,Ernie Clement
27506,Ha-seong Kim
22458,Taylor Walls
22275,Jake Burger
20325,Alex Kirilloff
21622,Jake McCarthy
16337,Nick Gordon
14636,Webster Rivas
20287,Ben Rortvedt
21538,Nick Fortes
22799,Geraldo Perdomo
21560,Alfonso Rivas
21635,Nick Maton
21501,Trevor Larnach
19348,DJ Peters
19432,Yonny Hernandez
21318,Tylor Megill
20339,Matt Peacock
18376,Connor Overton
19953,Josh Lowe
14467,Daniel Camarena
17837,Jakson Reetz
20493,Seth Beer
21224,Bailey Ober
21711,Oneil Cruz
19896,Connor Wong
19522,TJ Friedl
22164,Payton Henry
18027,Hoy Park
19931,Luke Williams
19928,Ryan McKenna
19615,Luis Barrera
23796,Ryan Weathers
17893,Tyler Nevin
17783,Jake Brentz
20263,Mario Feliciano
23779,Justin Bruihl
20191,Garrett Whitlock
15971,Ivan Castillo
19477,Alex De Goti
19864,Riley Adams
20277,Cory Abbott
21987,Rodolfo Castro
19890,Emmanuel Rivera
21562,Romy Gonzalez
12990,Erick Castillo
20047,Brian Miller
19710,Ronnie Dawson
27468,Reid Detmers
13254,Jacob Wilson
22871,Tucupita Marcano
14515,Luis Marte
19926,Tony Santillan
21690,Edward Cabrera
20539,Edwin Uceta
16593,Kevin Padlo
19170,Corey Ray
23550,Aaron Ashby
19795,Keegan Thompson
16094,Zach Thompson
17312,Justin Steele
20167,Kyle Muller
18769,Cody Poteet
25379,Sam Long
10148,Manny Barreda
10218,Aaron Northcraft
11071,Mickey Jannis
11812,Alberto Baldonado
13259,Louis Head
14655,Konner Wade
15849,Kent Emanuel
15979,Akeem Bostick
16209,Jake Reed
16279,Sam Clay
16455,Conner Greene
16466,Brent Honeywell
16537,Dusten Knight
16754,Vinny Nittoli
17092,Domingo Acevedo
17489,Spenser Watkins
17583,Marcos Diplan
17639,Justin Lawrence
17682,Ralph Garza
17722,Trevor Megill
17748,Brody Koerner
17888,Tayler Saucedo
18140,Jay Flaa
18341,Julian Fernandez
18384,Scott Effross
18475,Shea Spitzbarth
18548,Sam Hentges
19178,Tommy Nance
19179,Kirby Snead
19192,Brandyn Sittinger
19246,Miguel Aguilar
19454,Michael Rucker
19480,Ryan Hartman
19516,Raynel Espinal
19531,Jason Foley
19535,Ryan Hendrix
19608,Otto Lopez
19634,Jack Kruger
19682,Jordan Sheffield
19695,Connor Seabold
19742,Anthony Bender
19769,Will Vest
19784,Justin Garza
19804,Bryan Baker
19845,Alex Wells
19865,Charlie Barnes
19868,Drew Carlton
19881,Gabe Klobosits
19883,Alex Lange
19932,Trevor Stephan
19940,Jhon Romero
19996,Dylan Lee
20000,Tyler Wells
20010,Wyatt Mills
20038,Darren McCaughan
20045,Sean Guenther
20061,Kaleb Ort
20074,Miguel Sanchez
20177,Ty Tice
20185,Zach Pop
20198,Ben Bowden
20203,Eli Morgan
20206,Mike Baumann
20237,Tyler Ivey
20243,Zac Lowther
20253,Griffin Jax
20298,Jhonathan Diaz
20312,Alec Bettinger
20334,Kyle Dohy
20348,Riley O'Brien
20369,Matt Manning
20385,Isaac Mattson
20399,Luis Madero
20422,Jovani Moran
20476,Peter Solomon
20491,J.B. Bukauskas
20517,Nick Sandlin
20531,Kutter Crawford
20617,JC Mejia
20778,Cristopher Sanchez
20794,Manuel Rodriguez
20997,Eduard Bazardo
21018,Francisco Perez
21025,Oliver Ortega
21045,Seth Martinez
21052,Luis Gil
21065,Thomas Szapucki
21101,Dauri Moreta
21139,Tyler Payne
21197,Darien Nunez
21290,Lucas Gilbreath
21298,Andre Jackson
21306,Jake Latz
21366,Glenn Otto
21390,Joe Ryan
21446,Ryan Feltner
21483,Shane McClanahan
21537,Daniel Lynch IV
21549,Jackson Kowar
21620,Jake Cousins
21652,Elvis Peguero
21656,Kervin Castro
21728,Luis Oviedo
21761,Jose Marte
21850,Mason Thompson
21894,Gregory Santos
21992,Camilo Doval
21997,Luis Frias
22036,Angel Rondon
22092,Kyle Tyler
22192,Hans Crouse
22218,Mac Sceroler
22224,Jon Heasley
22250,Logan Gilbert
22264,Shane Baz
22276,Dylan Coleman
22296,Joe Barlow
22310,Chris Rodriguez
22343,A.J. Alexy
22358,Stephen Ridings
22717,Angel Zerpa
22810,Roansy Contreras
22925,Joan Adon
23292,Packy Naughton
23301,Janson Junk
23310,Damon Jones
23493,Nicklaus Snyder
23592,Brett de Geus
24486,Nick Allgeyer
24671,Cody Wilson
24933,Andrew Wantz
24937,Austin Warren
24975,Cooper Criswell
26410,Alek Manoah
27498,Spencer Strider
27505,Kohei Arihara
27513,Hyeon-jong Yang
27515,Hirokazu Sawamura
18848,Yohel Pozo
16446,Johneshwy Fargas
20540,Jose Devers
19960,Taylor Trammell
21534,Cal Raleigh
13663,Jack Lopez
20321,Stuart Fairchild
19278,Vladimir Gutierrez
12719,Dillon Thomas
20034,Hunter Owen
22165,Ryan Vilade
23559,Ryan Dorow
24580,Josiah Gray
7349,Sean Kazmar jr.
16098,Taylor Gushue
17964,Tyler Gilbert
18425,Trey Amburgey
19754,Reiver Sanmartin
20070,Bailey Falter
20501,Scott Hurst
21541,Reiss Knehr
22248,Paul Campbell
26197,Andrew Vaughn
19331,Jose Rojas
11481,Henry Ramos
21127,Alejo Lopez
19818,Joshua Palacios
18482,Chris Gittens
17478,Troy Stokes Jr.
19250,Trent Giambrone
19528,Jacob Robson
19667,Zach Reks
22175,Max Kranick
19354,Luke Raley
18142,Patrick Mazeika
21735,Sebastian Rivero
15808,Jose Godoy
20242,Kevin Smith
12198,Jake Hager
19872,Greg Deichmann
18433,P.J. Higgins
16686,Jason Vosler
20056,Alan Trejo
24617,Jarren Duran
19961,Colton Welker
19952,Khalil Lee
22558,Jarred Kelenic
20536,Vidal Brujan
19873,Drew Ellis
24655,Owen Miller
20233,Gilberto Celestino
18881,Curtis Terry
19562,Zack Short
18136,Ka'ai Tom
23697,Julio Rodriguez
26288,Adley Rutschman
25931,Michael Harris II
24610,Steven Kwan
21636,Jeremy Pena
24679,Brendan Donovan
25764,Bobby Witt Jr.
30116,Seiya Suzuki
14366,Joey Meneses
21897,Christopher Morel
27676,Vinnie Pasquantino
25878,Corbin Carroll
20970,Oscar Gonzalez
20538,Jose Miranda
21707,Oswaldo Cabrera
26294,Bryson Stott
22244,Jack Suwinski
25976,Riley Greene
21270,Sean Bouchard
24782,David Villar
27555,Garrett Mitchell
26031,Vaughn Grissom
26289,Gunnar Henderson
22664,Gabriel Moreno
25055,Nate Eaton
23792,Alek Thomas
22471,Livan Soto
18821,Jose Azocar
22823,Oswald Peraza
19296,Alex Call
19813,Charles Leblanc
19422,Brian Serven
19983,Conner Capel
20437,Royce Lewis
19273,Stone Garrett
19717,Darick Hall
20505,Drew Waters
25961,Kerry Carpenter
22277,Nick Allen
24770,James Outman
25660,Will Brennan
22514,Triston Casas
25111,David Hensley
21293,Dalton Guthrie
23818,Ji Hwan Bae
19727,Joe Dunand
20543,Elehuris Montero
27684,Michael Massey
20529,Nolan Jones
23359,Nelson Velazquez
20926,Dermis Garcia
19780,Esteban Quiroz
23733,Ezequiel Duran
22261,Bubba Thompson
19806,Jason Delay
25867,Ryan Kreidler
24273,Liover Peguero
26121,Francisco Alvarez
20404,Jared Young
26151,Kyle Stowers
22715,Maikel Garcia
26466,Matt Wallner
15697,Gosuke Katoh
24400,Terrin Vavra
26299,Josh Jung
22505,Buddy Kennedy
19859,Rene Pinto
19644,Ben DeLuzio
20122,Mark Contreras
16680,Brian O'Keefe
18400,Juan Yepez
22263,Nolan Gorman
25816,Shea Langeliers
21304,Mark Kolozsvary
24729,Logan O'Hoppe
25040,Vinny Capra
22532,Tyler Freeman
13408,Wynton Bernard
19779,Dairon Blanco
17910,Marcus Wilson
19964,Eguy Rosario
12394,Jason Krizan
20157,Matthew Batten
19563,Nate Mondou
20533,Mickey McDonald
18603,Donny Sands
6107,Huascar Brazoban
7048,Fernando Cruz
12791,Michael Kelly
14416,Yunior Marte
14823,Mark Appel
15106,Collin Wiles
15369,Kevin Herget
16266,A.J. Ladwig
16835,Brennan Bernardino
16990,Tanner Banks
17179,Bubby Rossman
17381,Matt Gage
17480,Daniel Duarte
17701,Jose Cuas
18186,James Naile
18421,Tyler Cyr
18439,Danny Young
18593,Anderson Espinoza
18905,Yusniel Diaz
19357,Cody Sedlock
19407,Ronel Blanco
19493,Zach Jackson
19518,Tanner Tully
19529,Cam Vieaux
19580,Norge Ruiz
19609,Luke Barker
19666,Jason Alexander
19705,Matt Swarmer
19785,Jacob Lemoine
19874,Alex Faedo
19962,Joey Wentz
20009,Kenny Rosenberg
20060,Jake Fishman
20116,Calvin Faucher
20132,Adam Oller
20190,Chad Smith
20227,Jake Walsh
20231,Zach Logue
20323,Erich Uelmen
20349,Zack Kelly
20353,Steven Wilson
20375,Greg Weissert
20510,Jack Larsen
20526,Denyi Reyes
20541,Phoenix Sanders
20548,Bowden Francis
20555,Kirk McCarty
20565,Jackson Tetreault
20582,Anderson Severino
20638,Luis Castillo
20666,Felix Bautista
20667,Cristofer Ogando
20802,Aneurys Zabala
20962,Elvin Rodriguez
21023,Adrian Martinez
21029,Jhoan Duran
21092,Nick Duron
21093,Nick Vespi
21132,Alexis Diaz
21267,Jake Bird
21319,Bryce Montes de Oca
21324,Parker Mushinski
21327,Nicholas Padilla
21345,Bennett Sousa
21367,Peter Strzelecki
21420,Yerry De Los Santos
21448,Davis Martin
21453,Konnor Pilkington
21461,Cole Sands
21481,Sean Hjelle
21574,Brendon Little
21741,Javier Assad
21846,Cole Ragans
21955,Yerry Rodriguez
21956,Max Castillo
22176,Easton McGee
22182,Hunter Greene
22201,MacKenzie Gore
22207,DL Hall
22210,Jeremiah Estrada
22254,Joe Perez
22294,Matthew Liberatore
22323,Angel De Jesus
22361,Colin Holderman
22387,Josh Winckowski
22461,Logan Gillaspie
22913,Francisco Morales
23191,Michael Plassmeyer
23221,Michael Grove
23307,Collin Snider
23313,Jose Butto
23324,Freddy Tarnok
23420,Beau Sulser
23425,Jared Solomon
23429,JP Sears
23460,Brandon Hughes
23465,Tommy Romero
23488,Ron Marinaccio
23809,Ray Kerr
23920,Brayan Bello
24094,Ronny Henriquez
24494,Simeon Woods Richardson
24586,Kyle Bradish
24606,Josh Winder
24750,Frank German
24930,Ethan Roberts
24988,Evan Lee
25075,William Woods
25078,Cam Alldred
25097,Garrett Hill
25174,Penn Murfee
25388,Cody Morris
25413,Nash Walters
25427,Gavin Hollowell
25436,George Kirby
25512,Nate Fisher
25595,Xzavion Curry
25636,Hunter Gaddis
25665,Cole Waites
25756,Matt Brash
25862,Noah Davis
25880,Hunter Brown
25911,Yennier Cano
25918,Zack Thompson
25942,Andrew Nardi
26079,Beau Brieske
26108,Andre Pallante
26213,Caleb Kilian
26221,Ryan Pepiot
26231,Tyler Holton
26253,Ryne Nelson
26260,Drey Jameson
26285,Tommy Henry
26304,Bryan Hoeing
26364,Ethan Small
26378,Nick Lodolo
27473,Cade Cavalli
27474,Max Meyer
27517,Jared Koenig
27552,Graham Ashcraft
27581,Hayden Wesneski
27646,Luis L. Ortiz
27681,Ken Waldichuk
27691,Louie Varland
27779,Bryce Elder
30074,Chase Silseth
30115,Robert Suarez
23264,Canaan Smith-Njigba
26323,Spencer Steer
23794,Jordan Groshans
17473,Narciso Crook
26123,Brett Baty
19828,Cody Thomas
18690,Nick Plummer
26396,Josh H. Smith
20805,Carlos Perez
24703,Jonah Bride
21871,Jerar Encarnacion
25353,Michael Stefanic
18587,Brendon Davis
22093,Steele Walker
23003,Yainer Diaz
21634,Ford Proctor
19553,Simon Muzziotti
24765,Bryan Lavastida
17307,Luis Liberato
17737,Josh Lester
20022,Kramer Robertson
20450,Brewer Hicklen
21840,Freddy Fermin
22117,Nick Pratto
25845,Michael Toglia
22563,Gabriel Arias
19906,Diego Castillo
21837,Jonathan Aranda
24064,Ezequiel Tovar
20165,J.J. Matijevic
22184,Mark Vientos
27615,Alec Burleson
22411,Cal Stevenson
19842,Caleb Hamilton
13750,Elier Hernandez
20017,Miles Mastrobuoni
19967,Ryan Aguilar
19245,Chris Okey
19768,Rylan Bannon
20599,Ivan Herrera
20002,Bryce Johnson
24491,Travis Swaggerty
22906,Israel Pineda
13472,Christian Lopes
21865,Bo Naylor
25459,Peyton Burdick
22650,Jordan Diaz
25768,CJ Abrams
26368,J.J. Bleday
20572,Kody Clemens
17040,Jose Herrera
21780,Esteury Ruiz
19824,Chuckie Robinson
22896,Lenyn Sosa
24589,Richie Palacios
20178,Miguel Vargas
21853,Will Benson
25543,Korey Lee
22202,Jeter Downs
22557,Michael Siani
22515,Heliot Ramos
22169,Calvin Mitchell
20054,Bligh Madris
19625,David MacKinnon
18899,Lucius Fox
22197,MJ Melendez
27465,Spencer Torkelson
19458,Cooper Hummel
18371,Jermaine Palacios
21386,Michael Papierski
29695,Matt McLain
27534,Edouard Julien
29766,Zack Gelof
27478,Patrick Bailey
23312,Ryan Noda
23565,Davis Schneider
23401,Jose Caballero
26668,Elly De La Cruz
27647,Anthony Volpe
25807,Jared Triolo
24336,Johan Rojas
27790,Evan Carter
29622,Sal Frelick
31347,Zach Neto
27690,Joey Wiemer
27475,Jordan Walker
27815,Jordan Westburg
23800,Parker Meadows
19921,Blake Perkins
25505,Cade Marlowe
29931,Jacob Young
30011,Christian Encarnacion-Strand
21693,Miguel Amaya
23772,Wilyer Abreu
26517,Noelvi Marte
26149,Dominic Fletcher
31837,Masataka Yoshida
25332,Endy Rodriguez
25479,Brenton Doyle
19455,Andruw Monasterio
16496,Forrest Wall
21716,Enmanuel Valdez
25805,Blake Sabol
20311,Corey Julks
28080,Jasson Dominguez
25643,Drew Millas
27630,Nick Loftin
27562,Austin Wells
26365,Jonny Deluca
23986,Curtis Mead
23698,Ronny Mauricio
19877,Tristan Gray
26208,Tyler Fitzgerald
25813,Grae Kessinger
19358,Weston Wilson
31166,Heston Kjerstad
26477,Spencer Horwitz
24262,Ceddanne Rafaela
22266,Xavier Edwards
25616,Marco Luciano
28163,Junior Caminero
19788,Zach Remillard
22842,Alexander Canario
11381,Drew Maggi
33189,Nolan Schanuel
20626,Logan Porter
18123,Nathan Lukes
21746,Jose Fermin
23296,Jacob Amaya
24597,Jonathan Ornelas
18554,Enmanuel De Jesus
18615,Hobie Harris
19205,Jesse Scholtens
19281,Nick Hernandez
19315,Matt Krook
19360,Lucas Erceg
19588,Guillermo Zuniga
19736,Caleb Boushley
19891,Ryder Ryan
19924,Bryan Hudson
20209,Zach Muckenhirn
20271,Daysbel Hernandez
20423,Ryan Walker
20494,Braden Bristo
20546,Grant Anderson
21131,Jose Espada
21163,Angel Felipe
21212,J.P. France
21238,Allan Winans
21504,Jake Irvin
21513,Thad Ward
21520,Hogan Harris
21527,James McArthur
21535,Connor Kaiser
21584,Tristan Beck
21649,Luis Medina
21858,Riley Pint
21859,Alex Speas
21863,George Soriano
21866,Jordan Balazovic
22100,Jose Soriano
22116,Hagen Danner
22232,Mason McCoy
22273,Owen White
22288,Mason Englert
22304,Brenan Hanifee
22318,Jose Hernandez
22543,Taj Bradley
22828,Juan Then
22872,Yoendrys Gomez
22915,Carlos Vargas
22932,Prelander Berroa
22982,Jose Lopez
23095,Jake Wong
23135,Eduardo Salazar
23150,Osvaldo Bido
23165,Steven Cruz
23265,Cody Bolton
23363,Robert Garcia
23443,Tom Cosgrove
23449,Ricky Karcher
23455,Hunter Stratton
23499,Keaton Winn
23552,Chandler Seagle
23617,Josh Walker
23631,Clayton Andrews
24017,Jose A. Ferrer
24363,Edgar Navarro
24388,Jose Rodriguez
24453,Justin Martinez
24492,Grayson Rodriguez
24581,Lyon Richardson
24602,Drew Rom
24604,Austin Cox
24607,Jonathan Bowlan
24614,Victor Vodnik
24681,Kelvin Caceres
24719,Randy Vasquez
24737,Gus Varland
24763,Kyle Leahy
24935,Chris Vallimont
24968,Reese Olson
24977,Shawn Dubin
24986,Colin Selby
24993,Kody Funderburk
25071,Lane Ramsey
25098,Jacob Lopez
25139,Tim Herrin
25178,Joe Jacques
25327,Abner Uribe
25348,Devin Sweet
25386,Jhony Brito
25416,Blair Calvo
25463,Brandon Williamson
25481,Joe La Sorsa
25550,Matt Waldron
25551,Isaiah Campbell
25589,Sammy Peralta
25645,Declan Cronin
25650,Levi Stoudt
25651,Tyler Adcock
25663,McKinley Moore
25679,Kevin Kelly
25777,Peyton Battenfield
25804,Randy Wynne
25830,Jeff Lindgren
25921,Casey Legumina
25928,Darius Vines
25977,Quinn Priester
26024,Brendan White
26048,Sawyer Gipson-Long
26056,Brandon Walter
26058,Easton Lucas
26068,Kolton Ingram
26128,Amos Willingham
26203,Andrew Saalfrank
26214,Chris Murphy
26215,Jackson Rutledge
26226,Nick Robertson
26257,Joey Estes
27451,Alec Marsh
27453,Anthony Veneziano
27470,Emerson Hancock
27472,Jared Shuster
27477,Bryce Jarvis
27483,Bobby Miller
27488,Karl Kauffmann
27500,Slade Cecconi
27514,Kyle Hurt
27572,Carmen Mlodzinski
27582,Davis Daniel
27583,Garrett Acton
27589,Logan Allen
27597,Cody Bradford
27649,Connor Phillips
27685,Carson Spiers
27702,Brent Headrick
27758,Kyle Harrison
27768,Eury Perez
27775,Kyle Nicolas
27782,Brandon Pfaadt
27792,Gavin Stone
27914,Daniel Palencia
27942,John McMillon
28036,Luke Little
29608,Joe Boyle
29628,Alek Jacob
29754,Sam Bachman
29832,Jackson Wolf
29837,Bryce Miller
29839,Emmet Sheehan
29911,Andrew Abbott
29928,Dylan Dodd
29946,Grant Hartwig
29960,AJ Smith-Shawver
30008,Evan Justice
30094,Jordan Wicks
30122,Gavin Williams
30134,Tanner Bibee
30279,Bryan Woo
31461,Ben Joyce
31533,Victor Mederos
31757,Mason Miller
31776,Orion Kerkering
31838,Kodai Senga
31839,Shintaro Fujinami
24934,David Fry
22054,Dane Myers
27490,Nick Gonzales
31490,Wade Meckler
22274,Samad Taylor
25493,Joey Ortiz
25476,Cam Eden
24485,Tyler Cropley
21587,Cesar Salazar
25822,Andre Lipcius
23985,Osleivis Basabe
22186,Brice Turang
23691,Jose Tena
22542,Lawrence Butler
21078,Trey Cabbage
27531,David Hamilton
29976,Jordan Lawlar
19212,Taylor Kohlwey
27769,Pete Crow-Armstrong
25817,Braden Shewmake
29715,Hunter Goodman
24451,J.P. Martinez
27604,Alika Williams
19957,Blake Rutherford
26420,Kyren Paris
20463,Irving Lopez
26467,Luis Matos
26438,Dominic Canzone
21497,Luken Baker
23690,Brayan Rocchio
25569,Jake Alu
21547,Coco Montes
27735,Brett Wisely
29591,Colton Cowser
26319,Michael Busch
18217,Brett Sullivan
25482,T.J. Hopkins
27577,Casey Schmitt
27845,Matt Mervis
23695,Everson Pereira
27479,Masyn Winn
23788,Jordyn Adams
29617,Henry Davis
30162,Oscar Colas
27467,Tyler Soderstrom
29490,Jackson Merrill
28806,Jackson Chourio
33333,Wyatt Langford
27899,Colt Keith
24816,Andy Pages
24488,Max Schuemann
29518,James Wood
22857,Wenceel Perez
27493,Rece Hinds
26548,Luisangel Acuna
29554,Adrian Del Castillo
29634,Will Wagner
24257,Jhonkensy Noel
23782,Leo Jimenez
25782,Pedro Pages
33541,Dylan Crews
21626,Griffin Conine
29547,Ryan Bliss
29575,Trey Sweeney
25979,Nasim Nunez
22766,Steward Berroa
25425,Austin Shenton
29573,Billy Cook
25180,Daniel Schneemann
25483,Nick Sogard
25705,Dustin Harris
29912,Darren Baker
25575,Kyle McCann
33824,Jung Hoo Lee
25448,Greg Jones
24605,Michael Helman
23372,Hunter Feduccia
29592,Connor Norby
21797,Andres Chaparro
31437,Jace Jung
26599,Jonatan Clase
33266,Jacob Wilson
29630,Joey Loperfido
21009,Leonardo Rivas
26295,Oliver Dunn
31394,Brooks Baldwin
25475,Logan Driscoll
29794,Kyle Manzardo
23395,Eric Wagaman
26540,Angel Martinez
27471,Zach DeLoach
24496,DaShawn Keirsey
25524,Aaron Schunk
21496,Brandon Lockridge
31781,Jackson Holliday
19722,Carlos Narvaez
27883,Thomas Saggese
29487,Blake Dunn
27464,Dillon Dingler
19802,Jhonny Pereda
23968,Jorge Barrosa
15968,Brady Feigl
16061,Cam Booser
16944,Grant Holmes
17304,Emmanuel Ramirez
17952,Tyler Jay
19222,Lake Bachar
19481,Tyler Ferguson
19586,Forrest Whitley
19835,Gerson Garabito
20018,Parker Dunshee
20408,Eli Villalobos
20462,Bryan Sammons
20629,Tyler Phillips
20827,Michael Petersen
21229,Daniel Robert
21241,Jonathan Bermudez
21310,Josh Maciejewski
21487,Stephen Kolek
21544,Chase Shugart
22113,Cole Winn
22187,Ryan Miller
22191,Tobias Myers
22253,Sean Reynolds
22284,Matt Sauer
22370,Raymond Burgos
22533,Michel Otanez
22630,Keider Montero
22690,Jack O'Loughlin
23055,Dedniel Nunez
23223,Michael Mercado
23250,David Banuelos
23335,Joey Cantillo
23391,Ricky Vanasco
23426,Max Lazar
23557,Chris Roller
23590,Ben Brown
23899,Valente Bellozo
23974,Randy Rodriguez
24203,Luis Peralta
24282,Kai-Wei Teng
24493,Adam Kloffenstein
24728,Mike Burrows
24862,Ryan Fernandez
24978,Erik Sabrowski
25311,Roddery Munoz
25368,Zach Penrod
25420,Ryan Zeferjahn
25582,Brady Basso
25648,Justin Slaten
25667,Nick Avila
25839,Luis Contreras
25890,Bryan King
26020,Seth Johnson
26034,Anthony Maldonado
26171,Connor Gillispie
26190,Blair Henley
26247,Orlando Ribalta
26252,Erik Miller
26259,Hunter Bigge
26270,Blake Walston
26353,Marc Church
26389,DJ Herz
26413,Porter Hodge
26419,Bradley Blalock
26443,Samuel Aldegheri
26448,Trevor McDonald
26790,Angel Chivilli
26907,Jairo Iriarte
26944,Edgardo Henriquez
26952,Anthony Molina
27487,Landon Knack
27494,Clayton Beeter
27536,Evan Kravetz
27585,Zac Kristofak
27590,Jacob Eder
27608,Jeff Criswell
27624,Walter Pennington
27626,Eric Orze
27636,Mitchell Parker
27668,Brandon Eisert
27669,Tanner Gordon
27688,Jack Kochanowicz
27694,Justin Sterner
27698,Eric Yang
27707,Mitch Spence
27753,Bailey Horn
27765,Yosver Zulueta
27783,Zach Brzykcy
27787,Will Klein
27863,Jared Jones
27867,Cade Smith
27889,J.T. Ginn
27910,Austin Kitchen
27974,Cristian Mena
29271,Yilber Diaz
29514,River Ryan
29519,Gordon Graceffo
29521,Ryan Loutos
29530,Fraser Ellard
29770,Mason Montgomery
29812,Robert Gasser
29823,Ky Bush
29833,Nick Nastrini
29866,Chayce McDermott
29869,Michael McGreevy
29878,Sean Burke
29891,James Meeker
29921,Spencer Arrighetti
29950,Jordan Leasure
30002,Grant Holman
30031,Julian Aguiar
30055,Cade Povich
30056,David Festa
30076,Landen Roupp
30085,Ben Casparius
30106,Jack Neely
30107,Christian Scott
30133,Brant Hurter
30140,Ty Madden
30146,Jack Leiter
30160,Richard Fitts
30161,Carlos Rodriguez
30171,Mason Black
30182,Will Warren
30203,Jackson Jobe
30226,Spencer Bivens
30250,Jaden Hill
31184,Luis Guerrero
31204,Justin Wrobleski
31261,Chris Roycroft
31508,Caden Dana
31635,Hayden Birdsong
31730,Jonathan Cannon
31827,Zebby Matthews
31843,Kumar Rocker
31846,Spencer Schwellenbach
31883,Troy Taylor
31900,Adam Mazur
31967,Andrew Thorpe
33168,John Bloss
33294,Seth Halvorsen
33527,Hurston Waldrep
33677,Paul Skenes
33825,Yoshinobu Yamamoto
33826,Yuki Matsui
33828,Naoyuki Uwasawa
33829,Shota Imanaga
33834,Andrew Walters
33838,Yariel Rodriguez
33876,Rhett Lowder
25967,Orelvis Martinez
23789,Blaze Alexander
27504,Nick Yorke
22707,Gustavo Campero
29949,Tyler Black
27599,Jacob Hurtubise
21682,Luis De Los Santos
27543,Duke Ellis
23442,Luis Vazquez
25971,Kevin Alcantara
21730,Jair Camargo
22045,Grant Koch
19910,Sandro Fabian
27784,Tyler Gentry
27462,Austin Martin
31562,Zachary Dezenzo
25690,Grant McCray
29782,Niko Kavadas
15504,Jamie Westbrook
31396,Tyler Locklear
28253,Javier Sanoja
22530,Johnathan Rodriguez
19384,Trenton Brooks
25477,Isaac Collins
25138,Levi Jordan
26374,Kameron Misner
29576,Benjamin Rice
24598,Addison Barger
27789,Shay Whitcomb
31595,Brooks Lee
19292,Armando Alvarez
29788,Brett Harris
31363,Graham Pauley
26469,Davis Wendzel
20557,C.J. Alexander
24759,Mickey Gasper
29524,Bryce Teodosio
25621,Bryan Ramos
27763,Drew Romo
27962,Adael Amador
29606,Justyn-Henry Malloy
26224,Darell Hernaiz
31349,Victor Scott
31765,Ignacio Alvarez
27781,Pedro Leon
28312,Coby Mayo
31567,Trey Lipscomb
27501,Justin Foscue
31431,Jordan Beck
